report_type,report_name,item_source,item_field,item_title,precision,groups,display,stock_count,first_period,last_period,all_reports,all_present,all_numeric,latest_stocks,latest_present,latest_numeric,latest_zero,latest_null,latest_empty,latest_invalid,latest_absent
gjzb,关键指标,ysb,ACCPAYRT,应付账款周转率,f2,7,小类,15,1992-12-31,2026-06-30,1201,1201,1047,15,15,14,0,1,0,0,0
gjzb,关键指标,ysb,ACCPAYTDAYS,应付账款周转天数,f2,7,小类,15,1992-12-31,2026-06-30,1201,1201,1074,15,15,14,0,1,0,0,0
gjzb,关键指标,ysb,ACCRECGTURNDAYS,应收账款周转天数,f2,7,小类,15,1992-12-31,2026-06-30,1201,1201,1054,15,15,14,0,1,0,0,0
gjzb,关键指标,ysb,ACCRECGTURNRT,应收账款周转率,f2,7,小类,15,1992-12-31,2026-06-30,1201,1201,1039,15,15,14,0,1,0,0,0
gjzb,关键指标,ysb,ASSLIABRT,资产负债率,p2,1,小类,15,1992-12-31,2026-06-30,1201,1201,1183,15,15,15,0,0,0,0,0
gjzb,关键指标,lrb,BIZEXPE,营业成本,f2,1,小类,1,1999-12-31,2026-06-30,1201,102,102,15,1,1,0,0,0,0,14
gjzb,关键指标,lrb,BIZINCO,营业总收入,f2,1,小类,1,1999-12-31,2026-06-30,1201,102,102,15,1,1,0,0,0,0,14
gjzb,关键指标,lrb,BIZTOTCOST,营业成本,f2,1,小类,14,1992-12-31,2026-06-30,1201,1099,1096,15,14,14,0,0,0,0,1
gjzb,关键指标,lrb,BIZTOTINCO,营业总收入,f2,1,小类,14,1992-12-31,2026-06-30,1201,1099,1099,15,14,14,0,0,0,0,1
gjzb,关键指标,ysb,CASHRT,现金比率,f2,6,小类,15,1992-12-31,2026-06-30,1201,1201,1077,15,15,14,0,1,0,0,0
gjzb,关键指标,ysb,CONSVATQUICKRT,保守速动比率,f2,6,小类,15,1992-12-31,2026-06-30,1201,1201,1077,15,15,14,0,1,0,0,0
gjzb,关键指标,ysb,CRPS,每股资本公积金,ps4,2,小类,15,1992-12-31,2026-06-30,1201,1201,1157,15,15,15,0,0,0,0,0
gjzb,关键指标,ysb,CURASSTURNDAYS,流动资产周转天数,f2,7,小类,15,1992-12-31,2026-06-30,1201,1201,1084,15,15,14,0,1,0,0,0
gjzb,关键指标,ysb,CURASSTURNRT,流动资产周转率,f2,7,小类,15,1992-12-31,2026-06-30,1201,1201,1083,15,15,14,0,1,0,0,0
gjzb,关键指标,ysb,CURRENTRT,流动比率,f2,6,小类,15,1992-12-31,2026-06-30,1201,1201,1083,15,15,14,0,1,0,0,0
gjzb,关键指标,ysb,EBITMARGIN,息税前利润率,p2,3,小类,15,1992-12-31,2026-06-30,1201,1201,1093,15,15,14,0,1,0,0,0
gjzb,关键指标,ysb,EBITPS,每股息税前利润,ps4,2,小类,15,1992-12-31,2026-06-30,1201,1201,1061,15,15,14,0,1,0,0,0
gjzb,关键指标,ysb,EM,权益乘数,f2,6,小类,15,1992-12-31,2026-06-30,1201,1201,1186,15,15,15,0,0,0,0,0
gjzb,关键指标,ysb,EMCONMS,权益乘数(含少数股权的净资产),f2,6,小类,15,1992-12-31,2026-06-30,1201,1201,1186,15,15,15,0,0,0,0,0
gjzb,关键指标,zyb,EPSBASIC,基本每股收益,ps4,1,小类,15,1992-12-31,2026-06-30,1201,1201,1059,15,15,15,0,0,0,0,0
gjzb,关键指标,ysb,EPSDILUTEDNEWP,摊薄每股收益_最新股数,ps4,2,小类,15,1992-12-31,2026-06-30,1201,1201,1201,15,15,15,0,0,0,0,0
gjzb,关键指标,zyb,EPSFULLDILUTED,稀释每股收益,ps4,2,小类,15,1992-12-31,2026-06-30,1201,1201,966,15,15,15,0,0,0,0,0
gjzb,关键指标,ysb,EQURT,产权比率,p2,6,小类,15,1992-12-31,2026-06-30,1201,1201,1183,15,15,15,0,0,0,0,0
gjzb,关键指标,ysb,FCFEPS,每股股东自由现金流量,ps4,2,小类,15,1992-12-31,2026-06-30,1201,1201,583,15,15,14,0,1,0,0,0
gjzb,关键指标,ysb,FCFFPS,每股企业自由现金流量,ps4,2,小类,15,1992-12-31,2026-06-30,1201,1201,583,15,15,14,0,1,0,0,0
gjzb,关键指标,fzb,GOODWILL,商誉,f2,1,小类,15,1992-12-31,2026-06-30,1201,1201,743,15,15,12,0,3,0,0,0
gjzb,关键指标,ysb,INCOTAXTOTP,所得税/利润总额,p2,5,小类,15,1992-12-31,2026-06-30,1201,1201,1127,15,15,15,0,0,0,0,0
gjzb,关键指标,ysb,INVTURNDAYS,存货周转天数,f2,7,小类,15,1992-12-31,2026-06-30,1201,1201,1079,15,15,14,0,1,0,0,0
gjzb,关键指标,ysb,INVTURNRT,存货周转率,f2,7,小类,15,1992-12-31,2026-06-30,1201,1201,1079,15,15,14,0,1,0,0,0
gjzb,关键指标,llb,MANANETR,经营现金流量净额,f2,1,小类,15,1992-12-31,2026-06-30,1201,1201,1164,15,15,15,0,0,0,0,0
gjzb,关键指标,ysb,NAPS,摊薄每股净资产_期末股数,ps4,2,小类,15,1992-12-31,2026-06-30,1201,1201,1165,15,15,15,0,0,0,0,0
gjzb,关键指标,ysb,NAPS,每股净资产,ps4,1,小类,15,1992-12-31,2026-06-30,1201,1201,1165,15,15,15,0,0,0,0,0
gjzb,关键指标,ysb,NAPSADJ,调整每股净资产_期末股数,ps4,2,小类,15,1992-12-31,2026-06-30,1201,1201,1165,15,15,15,0,0,0,0,0
gjzb,关键指标,ysb,NAPSNEWP,每股净资产_最新股数,ps4,2,小类,15,1992-12-31,2026-06-30,1201,1201,1186,15,15,15,0,0,0,0,0
gjzb,关键指标,ysb,NCFPS,每股现金流量净额,ps4,2,小类,15,1992-12-31,2026-06-30,1201,1201,1135,15,15,15,0,0,0,0,0
gjzb,关键指标,lrb,NETPARECOMPPROF,归母净利润,f2,1,小类,1,1999-12-31,2026-06-30,1201,102,102,15,1,1,0,0,0,0,14
gjzb,关键指标,lrb,NETPROFIT,净利润,f2,1,小类,15,1992-12-31,2026-06-30,1201,1201,1201,15,15,15,0,0,0,0,0
gjzb,关键指标,ysb,NPCONMSTOAVGTA,总资产净利率_平均(含少数股东损益),p2,3,小类,15,1992-12-31,2026-06-30,1201,1201,1186,15,15,15,0,0,0,0,0
gjzb,关键指标,ysb,NPCUT,扣非净利润,f2,1,小类,15,1992-12-31,2026-06-30,1201,1201,1068,15,15,15,0,0,0,0,0
gjzb,关键指标,ysb,NPGRT,归属母公司净利润增长率,p2,4,小类,15,1992-12-31,2026-06-30,1201,1201,1140,15,15,15,0,0,0,0,0
gjzb,关键指标,ysb,NPTOAVGTA,总资产净利率_平均,p2,3,小类,15,1992-12-31,2026-06-30,1201,1201,1186,15,15,15,0,0,0,0,0
gjzb,关键指标,ysb,OPNCFPS,每股现金流,ps4,1,小类,15,1992-12-31,2026-06-30,1201,1201,1135,15,15,15,0,0,0,0,0
gjzb,关键指标,ysb,OPNCFPS,每股经营现金流,ps4,2,小类,15,1992-12-31,2026-06-30,1201,1201,1135,15,15,15,0,0,0,0,0
gjzb,关键指标,ysb,OPNCFTONP,经营活动净现金/归属母公司的净利润,f4,5,小类,15,1992-12-31,2026-06-30,1201,1201,1096,15,15,15,0,0,0,0,0
gjzb,关键指标,ysb,OPNCFTOOPTI,经营性现金净流量/营业总收入,f4,5,小类,15,1992-12-31,2026-06-30,1201,1201,1164,15,15,15,0,0,0,0,0
gjzb,关键指标,ysb,OPNCFTOSI,经营活动净现金/销售收入,f4,5,小类,15,1992-12-31,2026-06-30,1201,1201,1164,15,15,15,0,0,0,0,0
gjzb,关键指标,ysb,OPPRORT,营业利润率,p2,3,小类,15,1992-12-31,2026-06-30,1201,1201,1201,15,15,15,0,0,0,0,0
gjzb,关键指标,ysb,OPREVPS,每股营业收入,ps4,2,小类,15,1992-12-31,2026-06-30,1201,1201,1165,15,15,15,0,0,0,0,0
gjzb,关键指标,lrb,PARENETP,归母净利润,f2,1,小类,14,1992-12-31,2026-06-30,1201,1099,1099,15,14,14,0,0,0,0,1
gjzb,关键指标,ysb,PROTOTCRT,成本费用利润率,p2,3,小类,15,1992-12-31,2026-06-30,1201,1201,1095,15,15,14,0,1,0,0,0
gjzb,关键指标,ysb,QUICKRT,速动比率,f2,6,小类,15,1992-12-31,2026-06-30,1201,1201,1083,15,15,14,0,1,0,0,0
gjzb,关键指标,ysb,REPS,每股留存收益,ps4,2,小类,15,1992-12-31,2026-06-30,1201,1201,1163,15,15,15,0,0,0,0,0
gjzb,关键指标,fzb,RIGHAGGR,股东权益合计(净资产),f2,1,小类,14,1992-12-31,2026-06-30,1201,1099,1084,15,14,14,0,0,0,0,1
gjzb,关键指标,ysb,ROA,总资产报酬率,p2,3,小类,15,1992-12-31,2026-06-30,1201,1201,1078,15,15,14,0,1,0,0,0
gjzb,关键指标,ysb,ROA,总资产报酬率(ROA),p2,1,小类,15,1992-12-31,2026-06-30,1201,1201,1078,15,15,14,0,1,0,0,0
gjzb,关键指标,ysb,ROANOPATCONMS,息前税后总资产报酬率_平均,p2,3,小类,15,1992-12-31,2026-06-30,1201,1201,1186,15,15,15,0,0,0,0,0
gjzb,关键指标,ysb,ROEAVG,净资产收益率_平均,p2,3,小类,15,1992-12-31,2026-06-30,1201,1201,1186,15,15,15,0,0,0,0,0
gjzb,关键指标,ysb,ROEAVGCUT,净资产收益率_平均_扣除非经常损益,p2,3,小类,15,1992-12-31,2026-06-30,1201,1201,1066,15,15,15,0,0,0,0,0
gjzb,关键指标,ysb,ROEDILUTED,摊薄净资产收益率,p2,3,小类,15,1992-12-31,2026-06-30,1201,1201,1188,15,15,15,0,0,0,0,0
gjzb,关键指标,ysb,ROEDILUTEDCUT,摊薄净资产收益率_扣除非经常损益,p2,3,小类,15,1992-12-31,2026-06-30,1201,1201,1033,15,15,15,0,0,0,0,0
gjzb,关键指标,zyb,ROEWEIGHTED,净资产收益率(ROE),p2,1,小类,15,1992-12-31,2026-06-30,1201,1201,974,15,15,15,0,0,0,0,0
gjzb,关键指标,ysb,ROIC,投入资本回报率,p2,3,小类,15,1992-12-31,2026-06-30,1201,1201,1084,15,15,14,0,1,0,0,0
gjzb,关键指标,ysb,ROTA,总资本回报率,p2,3,小类,15,1992-12-31,2026-06-30,1201,1201,1078,15,15,14,0,1,0,0,0
gjzb,关键指标,ysb,SCOSTRT,销售成本率,p2,5,小类,15,1992-12-31,2026-06-30,1201,1201,1195,15,15,15,0,0,0,0,0
gjzb,关键指标,ysb,SGPMARGIN,毛利率,p2,1,小类,15,1992-12-31,2026-06-30,1201,1201,1195,15,15,15,0,0,0,0,0
gjzb,关键指标,ysb,SNPMARGINCONMS,销售净利率,p2,1,小类,15,1992-12-31,2026-06-30,1201,1201,1201,15,15,15,0,0,0,0,0
gjzb,关键指标,ysb,SRPS,每股盈余公积金,ps4,2,小类,15,1992-12-31,2026-06-30,1201,1201,1143,15,15,15,0,0,0,0,0
gjzb,关键指标,ysb,TAGRT,营业总收入增长率,p2,4,小类,15,1992-12-31,2026-06-30,1201,1201,1140,15,15,15,0,0,0,0,0
gjzb,关键指标,ysb,TATURNDAYS,总资产周转天数,f2,7,小类,15,1992-12-31,2026-06-30,1201,1201,1186,15,15,15,0,0,0,0,0
gjzb,关键指标,ysb,TATURNRT,总资产周转率,f2,7,小类,15,1992-12-31,2026-06-30,1201,1201,1186,15,15,15,0,0,0,0,0
gjzb,关键指标,ysb,TCEXPRT,成本费用率,p2,5,小类,15,1992-12-31,2026-06-30,1201,1201,1095,15,15,14,0,1,0,0,0
gjzb,关键指标,ysb,TOPREVPS,每股营业总收入,ps4,2,小类,15,1992-12-31,2026-06-30,1201,1201,1165,15,15,15,0,0,0,0,0
gjzb,关键指标,fzb,TOTSHAREQUI,股东权益合计(净资产),f2,1,小类,1,1999-12-31,2026-06-30,1201,102,102,15,1,1,0,0,0,0,14
gjzb,关键指标,ysb,TRIEXPRT,期间费用率,p2,1,小类,15,1992-12-31,2026-06-30,1201,1201,1093,15,15,14,0,1,0,0,0
gjzb,关键指标,ysb,UPPS,每股未分配利润,ps4,2,小类,15,1992-12-31,2026-06-30,1201,1201,1161,15,15,15,0,0,0,0,0
lrb,利润表,lrb,AMORTIZCOSTASSETSSAPI,以摊余成本计量的金融资产终止确认产生的收益,f2,1 / 2,缩进,15,1992-12-31,2026-06-30,1201,1201,68,15,15,3,0,12,0,0,0
lrb,利润表,lrb,ASSEIMPALOSS,资产减值损失,f2,2,小类,1,1999-12-31,2026-06-30,1201,102,67,15,1,0,0,1,0,0,14
lrb,利润表,lrb,ASSEIMPALOSSPROFIT,资产减值损失,f2,2,小类,14,1992-12-31,2026-06-30,1201,1099,399,15,14,13,0,1,0,0,1
lrb,利润表,lrb,ASSETSDISLINCO,资产处置收益,f2,1 / 2,小类,15,1992-12-31,2026-06-30,1201,1201,474,15,15,14,0,1,0,0,0
lrb,利润表,lrb,ASSOINVEGRAIN,对联营公司的投资收益,f2,1,缩进,1,1999-12-31,2026-06-30,1201,102,38,15,1,1,0,0,0,0,14
lrb,利润表,lrb,ASSOINVEPROF,对联营企业和合营企业的投资收益,f2,2,缩进,14,1992-12-31,2026-06-30,1201,1099,761,15,14,14,0,0,0,0,1
lrb,利润表,lrb,AVAIDISTPROF,可供分配的利润,f2,6,大类,1,1999-12-31,2026-06-30,1201,102,35,15,1,1,0,0,0,0,14
lrb,利润表,lrb,AVAIDISTSHAREPROF,可供股东分配的利润,f2,7,大类,1,1999-12-31,2026-06-30,1201,102,35,15,1,1,0,0,0,0,14
lrb,利润表,lrb,BASICEPS,基本每股收益,ps4,11 / 8,大类,15,1992-12-31,2026-06-30,1201,1201,1006,15,15,15,0,0,0,0,0
lrb,利润表,lrb,BIZADMINEXPEN,业务及管理费用,f2,2,小类,1,1999-12-31,2026-06-30,1201,102,102,15,1,1,0,0,0,0,14
lrb,利润表,lrb,BIZCOST,营业成本,f2,2,小类,14,1992-12-31,2026-06-30,1201,1099,1094,15,14,14,0,0,0,0,1
lrb,利润表,lrb,BIZEXPE,营业支出,f2,2,大类,1,1999-12-31,2026-06-30,1201,102,102,15,1,1,0,0,0,0,14
lrb,利润表,lrb,BIZINCO,营业收入,f2,1,大类 / 小类,15,1992-12-31,2026-06-30,1201,1201,1201,15,15,15,0,0,0,0,0
lrb,利润表,lrb,BIZTAX,营业税金及附加,f2,2,小类,15,1992-12-31,2026-06-30,1201,1201,1194,15,15,15,0,0,0,0,0
lrb,利润表,lrb,BIZTOTCOST,营业总成本,f2,2,大类,14,1992-12-31,2026-06-30,1201,1099,1096,15,14,14,0,0,0,0,1
lrb,利润表,lrb,BIZTOTINCO,营业总收入,f2,1,大类,14,1992-12-31,2026-06-30,1201,1099,1099,15,14,14,0,0,0,0,1
lrb,利润表,lrb,CINAFORSFV,可供出售金融资产公允价值变动损益,f2,6 / 9,缩进,15,1992-12-31,2026-06-30,1201,1201,151,15,15,0,0,15,0,0,0
lrb,利润表,lrb,CINALIBOFRBP,重新计量设定受益计划变动额,f2,6 / 9,缩进,15,1992-12-31,2026-06-30,1201,1201,120,15,15,3,0,12,0,0,0
lrb,利润表,lrb,COMPCREDITFAVAL,企业自身信用风险公允价值变动,f2,6 / 9,缩进,15,1992-12-31,2026-06-30,1201,1201,0,15,15,0,0,15,0,0,0
lrb,利润表,lrb,COMPINCOAMT,综合收益总额,f2,10 / 7,大类,15,1992-12-31,2026-06-30,1201,1201,929,15,15,15,0,0,0,0,0
lrb,利润表,lrb,COMPNETEXPE,赔付支出净额,f2,2,小类,14,1992-12-31,2026-06-30,1201,1099,0,15,14,0,0,14,0,0,1
lrb,利润表,lrb,CONOPERNPROFIT,持续经营净利润,f2,5,小类,15,1992-12-31,2026-06-30,1201,1201,524,15,15,14,0,1,0,0,0
lrb,利润表,lrb,CONTRESS,提取保险合同准备金净额,f2,2,小类,14,1992-12-31,2026-06-30,1201,1099,0,15,14,0,0,14,0,0,1
lrb,利润表,lrb,CPLTOHINCO,（二）以后将重分类进损益的其他综合收益,f2,6 / 9,缩进,15,1992-12-31,2026-06-30,1201,1201,633,15,15,15,0,0,0,0,0
lrb,利润表,lrb,CREDITIMPLOSSE,信用减值损失,f2,2,小类,1,1999-12-31,2026-06-30,1201,102,37,15,1,1,0,0,0,0,14
lrb,利润表,lrb,CREDITIMPLOSSEPROFIT,信用减值损失,f2,2,小类,14,1992-12-31,2026-06-30,1201,1099,417,15,14,14,0,0,0,0,1
lrb,利润表,lrb,CUSTINCO,托管收益,f2,2,小类,14,1992-12-31,2026-06-30,1201,1099,0,15,14,0,0,14,0,0,1
lrb,利润表,lrb,DEALWITHDIVI,应付普通股股利,f2,7,小类,1,1999-12-31,2026-06-30,1201,102,39,15,1,1,0,0,0,0,14
lrb,利润表,lrb,DEPREXPE,折旧费,f2,2,小类,1,1999-12-31,2026-06-30,1201,102,0,15,1,0,0,1,0,0,14
lrb,利润表,lrb,DEVEEXPE,研发费用,f2,2,小类,15,1992-12-31,2026-06-30,1201,1201,492,15,15,14,0,1,0,0,0
lrb,利润表,lrb,DILUTEDEPS,稀释每股收益,ps4,12 / 9,大类,15,1992-12-31,2026-06-30,1201,1201,985,15,15,15,0,0,0,0,0
lrb,利润表,lrb,DOUBDEBTSPROV,提取呆账准备,f2,2,小类,1,1999-12-31,2026-06-30,1201,102,0,15,1,0,0,1,0,0,14
lrb,利润表,lrb,EARLYUNDIPROF,加:年初未分配利润,f2,5,小类,1,1999-12-31,2026-06-30,1201,102,43,15,1,1,0,0,0,0,14
lrb,利润表,lrb,EARNPREM,已赚保费,f2,1,小类,14,1992-12-31,2026-06-30,1201,1099,0,15,14,0,0,14,0,0,1
lrb,利润表,lrb,EPOCFHGL,现金流量套期损益的有效部分,f2,6 / 9,缩进,15,1992-12-31,2026-06-30,1201,1201,95,15,15,1,0,14,0,0,0
lrb,利润表,lrb,EQUMCPOTHINCO,权益法下不能转损益的其他综合收益,f2,6,缩进,14,1992-12-31,2026-06-30,1201,1099,135,15,14,5,0,9,0,0,1
lrb,利润表,lrb,EQUMCPOTHINCO,权益法下不能重分类进损益的其他综合收益,f2,9,缩进,1,1999-12-31,2026-06-30,1201,102,8,15,1,1,0,0,0,0,14
lrb,利润表,lrb,EUQMICOLOTHINCO,权益法下可转损益的其他综合收益,f2,6,缩进,14,1992-12-31,2026-06-30,1201,1099,278,15,14,8,0,6,0,0,1
lrb,利润表,lrb,EUQMICOLOTHINCO,权益法下重分类进损益的其他综合收益,f2,9,缩进,1,1999-12-31,2026-06-30,1201,102,47,15,1,1,0,0,0,0,14
lrb,利润表,lrb,EXCHGGAIN,汇兑收益,f2,1 / 2,小类,15,1992-12-31,2026-06-30,1201,1201,102,15,15,1,0,14,0,0,0
lrb,利润表,lrb,EXTRARBIRESE,提取任意盈余公积,f2,7,小类,1,1999-12-31,2026-06-30,1201,102,1,15,1,0,0,1,0,0,14
lrb,利润表,lrb,EXTSTAFFFUND,提取职工奖福基金,f2,6,小类,1,1999-12-31,2026-06-30,1201,102,0,15,1,0,0,1,0,0,14
lrb,利润表,lrb,FINASSINTOOTHINCO,金融资产重分类计入其他综合收益的金额,f2,6 / 9,缩进,15,1992-12-31,2026-06-30,1201,1201,17,15,15,0,0,15,0,0,0
lrb,利润表,lrb,FINEXPE,财务费用,f2,2,小类,14,1992-12-31,2026-06-30,1201,1099,1094,15,14,14,0,0,0,0,1
lrb,利润表,lrb,FUTULOSS,期货损益,f2,2,小类,14,1992-12-31,2026-06-30,1201,1099,2,15,14,0,0,14,0,0,1
lrb,利润表,lrb,GENERISKRESE,提取一般风险准备,f2,6,小类,1,1999-12-31,2026-06-30,1201,102,34,15,1,1,0,0,0,0,14
lrb,利润表,lrb,GENERISKRESETURN,一般风险准备转入,f2,6,小类,1,1999-12-31,2026-06-30,1201,102,0,15,1,0,0,1,0,0,14
lrb,利润表,lrb,HEDCASHFLOW,现金流量套期储备,f2,6 / 9,缩进,15,1992-12-31,2026-06-30,1201,1201,165,15,15,4,0,11,0,0,0
lrb,利润表,lrb,HTMCCINAFORSFV,持有至到期投资重分类为可供出售金融资产损益,f2,6 / 9,缩进,15,1992-12-31,2026-06-30,1201,1201,0,15,15,0,0,15,0,0,0
lrb,利润表,lrb,INCOTAX,减:所得税,f2,4,小类,1,1999-12-31,2026-06-30,1201,102,102,15,1,1,0,0,0,0,14
lrb,利润表,lrb,INCOTAXEXPE,所得税费用,f2,4,小类,14,1992-12-31,2026-06-30,1201,1099,1088,15,14,14,0,0,0,0,1
lrb,利润表,lrb,INTEBIZEXPE,中间业务支出,f2,1,缩进,1,1999-12-31,2026-06-30,1201,102,0,15,1,0,0,1,0,0,14
lrb,利润表,lrb,INTEBIZINCO,中间业务收入,f2,1,缩进,1,1999-12-31,2026-06-30,1201,102,0,15,1,0,0,1,0,0,14
lrb,利润表,lrb,INTEEXPE,利息支出,f2,1 / 2,小类 / 缩进,15,1992-12-31,2026-06-30,1201,1201,215,15,15,3,0,12,0,0,0
lrb,利润表,lrb,INTEINCO,利息收入,f2,1,小类 / 缩进,15,1992-12-31,2026-06-30,1201,1201,265,15,15,4,0,11,0,0,0
lrb,利润表,lrb,INTEINCOOPCOST,利息收入,f2,2,缩进,14,1992-12-31,2026-06-30,1201,1099,491,15,14,14,0,0,0,0,1
lrb,利润表,lrb,INTEPEDEPAYA,应付永续债利息,f2,6,小类,1,1999-12-31,2026-06-30,1201,102,11,15,1,1,0,0,0,0,14
lrb,利润表,lrb,INTERESTEXPENSE,利息费用,f2,2,缩进,14,1992-12-31,2026-06-30,1201,1099,473,15,14,14,0,0,0,0,1
lrb,利润表,lrb,INVEINCO,投资收益,f2,2,小类,14,1992-12-31,2026-06-30,1201,1099,1017,15,14,14,0,0,0,0,1
lrb,利润表,lrb,LEASEINCO,租赁收入,f2,1,小类,1,1999-12-31,2026-06-30,1201,102,0,15,1,0,0,1,0,0,14
lrb,利润表,lrb,LEGALSURP,减:提取法定盈余公积,f2,6,小类,1,1999-12-31,2026-06-30,1201,102,21,15,1,0,0,1,0,0,14
lrb,利润表,lrb,MANAEXPE,管理费用,f2,2,小类,14,1992-12-31,2026-06-30,1201,1099,1093,15,14,14,0,0,0,0,1
lrb,利润表,lrb,MERGEFORMNETPROF,被合并方在合并前实现净利润,f2,5,小类,14,1992-12-31,2026-06-30,1201,1099,50,15,14,0,0,14,0,0,1
lrb,利润表,lrb,MINYSHARAMT,归属于少数股东的综合收益总额,f2,10,小类,1,1999-12-31,2026-06-30,1201,102,60,15,1,1,0,0,0,0,14
lrb,利润表,lrb,MINYSHARINCO,归属于少数股东的其他综合收益,f2 / ps4,6 / 9,小类,15,1992-12-31,2026-06-30,1201,1201,413,15,15,13,0,2,0,0,0
lrb,利润表,lrb,MINYSHARINCOAMT,归属于少数股东的综合收益总额,f2,7,小类,14,1992-12-31,2026-06-30,1201,1099,802,15,14,13,0,1,0,0,1
lrb,利润表,lrb,MINYSHARRIGH,少数股东损益,f2,5,小类,14,1992-12-31,2026-06-30,1201,1099,962,15,14,13,0,1,0,0,1
lrb,利润表,lrb,MINYSHARRIGH,少数股东权益,f2,5,小类,1,1999-12-31,2026-06-30,1201,102,60,15,1,1,0,0,0,0,14
lrb,利润表,lrb,NCPOTHINCO,（一）以后不能重分类进损益的其他综合收益,f2,6 / 9,缩进,15,1992-12-31,2026-06-30,1201,1201,414,15,15,12,0,3,0,0,0
lrb,利润表,lrb,NETEXPOHEDINC,净敞口套期收益,f2,1 / 2,小类,15,1992-12-31,2026-06-30,1201,1201,0,15,15,0,0,15,0,0,0
lrb,利润表,lrb,NETFINDERIINCO,衍生金融工具交易净收入,f2,1,缩进,1,1999-12-31,2026-06-30,1201,102,0,15,1,0,0,1,0,0,14
lrb,利润表,lrb,NETINTEBIZINCO,中间业务净收入,f2,1,小类,1,1999-12-31,2026-06-30,1201,102,0,15,1,0,0,1,0,0,14
lrb,利润表,lrb,NETINTEINCO,净利息收入,f2,1,小类,1,1999-12-31,2026-06-30,1201,102,102,15,1,1,0,0,0,0,14
lrb,利润表,lrb,NETINVINCO,投资收益,f2,1,小类,1,1999-12-31,2026-06-30,1201,102,102,15,1,1,0,0,0,0,14
lrb,利润表,lrb,NETPARECOMPPROF,归属于母公司的净利润,f2,5,小类,1,1999-12-31,2026-06-30,1201,102,102,15,1,1,0,0,0,0,14
lrb,利润表,lrb,NETPOUNINCO,手续费及佣金净收入,f2,1,小类,1,1999-12-31,2026-06-30,1201,102,102,15,1,1,0,0,0,0,14
lrb,利润表,lrb,NETPROFIT,净利润,f2,5,大类,15,1992-12-31,2026-06-30,1201,1201,1201,15,15,15,0,0,0,0,0
lrb,利润表,lrb,NETTRADEINCO,净交易收入,f2,1,小类,1,1999-12-31,2026-06-30,1201,102,102,15,1,1,0,0,0,0,14
lrb,利润表,lrb,NONBUSIINCO,加:营业外收入,f2,3,小类,1,1999-12-31,2026-06-30,1201,102,102,15,1,1,0,0,0,0,14
lrb,利润表,lrb,NONCASSETSDISI,非流动资产处置利得,f2,3,小类,15,1992-12-31,2026-06-30,1201,1201,134,15,15,0,0,15,0,0,0
lrb,利润表,lrb,NONCASSETSDISL,非流动资产处置损失,f2,3,小类,15,1992-12-31,2026-06-30,1201,1201,398,15,15,0,0,15,0,0,0
lrb,利润表,lrb,NONOEXPE,减:营业外支出,f2,3,小类,1,1999-12-31,2026-06-30,1201,102,102,15,1,1,0,0,0,0,14
lrb,利润表,lrb,NONOEXPE,营业外支出,f2,3,小类,14,1992-12-31,2026-06-30,1201,1099,1071,15,14,14,0,0,0,0,1
lrb,利润表,lrb,NONOREVE,营业外收入,f2,3,小类,14,1992-12-31,2026-06-30,1201,1099,1080,15,14,14,0,0,0,0,1
lrb,利润表,lrb,OPERPROFIT,营业利润,f2,3,大类,1,1999-12-31,2026-06-30,1201,102,102,15,1,1,0,0,0,0,14
lrb,利润表,lrb,OTHASSEIMPALOSS,其他资产减值损失,f2,2,小类,1,1999-12-31,2026-06-30,1201,102,22,15,1,1,0,0,0,0,14
lrb,利润表,lrb,OTHDEBTINVCREDIMPR,其他债权投资信用减值准备,f2,6 / 9,缩进,15,1992-12-31,2026-06-30,1201,1201,30,15,15,2,0,13,0,0,0
lrb,利润表,lrb,OTHDEBTINVFAVAL,其他债权投资公允价值变动,f2,6 / 9,缩进,15,1992-12-31,2026-06-30,1201,1201,33,15,15,3,0,12,0,0,0
lrb,利润表,lrb,OTHEQUINFAVAL,其他权益工具投资公允价值变动,f2,6 / 9,缩进,15,1992-12-31,2026-06-30,1201,1201,353,15,15,11,0,4,0,0,0
lrb,利润表,lrb,OTHERBIZCOST,其他业务成本,f2,2,小类,14,1992-12-31,2026-06-30,1201,1099,0,15,14,0,0,14,0,0,1
lrb,利润表,lrb,OTHERBIZEXPE,其他业务支出,f2,2,小类,1,1999-12-31,2026-06-30,1201,102,47,15,1,1,0,0,0,0,14
lrb,利润表,lrb,OTHERBIZINCO,其他业务收入,f2,1,小类,15,1992-12-31,2026-06-30,1201,1201,77,15,15,1,0,14,0,0,0
lrb,利润表,lrb,OTHERBIZPROF,其他业务利润,f2,2,小类,14,1992-12-31,2026-06-30,1201,1099,155,15,14,0,0,14,0,0,1
lrb,利润表,lrb,OTHERCOMPINCO,其他综合收益,f2,6 / 9,大类,15,1992-12-31,2026-06-30,1201,1201,823,15,15,15,0,0,0,0,0
lrb,利润表,lrb,OTHERCPLTOHINCO,其他,f2,6 / 9,缩进,15,1992-12-31,2026-06-30,1201,1201,34,15,15,0,0,15,0,0,0
lrb,利润表,lrb,OTHERDISTPROF,其他,f2,6,小类,1,1999-12-31,2026-06-30,1201,102,1,15,1,0,0,1,0,0,14
lrb,利润表,lrb,OTHERINCO,其他收益,f2,1 / 2,小类,15,1992-12-31,2026-06-30,1201,1201,499,15,15,14,0,1,0,0,0
lrb,利润表,lrb,OTHERREASADJU,其他因素调整,f2,5,小类,1,1999-12-31,2026-06-30,1201,102,1,15,1,0,0,1,0,0,14
lrb,利润表,lrb,OTHERSHAREDISTPROF,其他,f2,7,小类,1,1999-12-31,2026-06-30,1201,102,0,15,1,0,0,1,0,0,14
lrb,利润表,lrb,PARECOMPAMT,归属于母公司所有者的综合收益总额,f2,10,小类,1,1999-12-31,2026-06-30,1201,102,72,15,1,1,0,0,0,0,14
lrb,利润表,lrb,PARECOMPINCO,归属于母公司所有者的其他综合收益,f2,6 / 9,小类,15,1992-12-31,2026-06-30,1201,1201,653,15,15,15,0,0,0,0,0
lrb,利润表,lrb,PARECOMPINCOAMT,归属于母公司所有者的综合收益总额,f2,7,小类,14,1992-12-31,2026-06-30,1201,1099,848,15,14,14,0,0,0,0,1
lrb,利润表,lrb,PARENETP,归属于母公司所有者的净利润,f2,5,小类,14,1992-12-31,2026-06-30,1201,1099,1099,15,14,14,0,0,0,0,1
lrb,利润表,lrb,PERPROFIT,营业利润,f2,3,大类,14,1992-12-31,2026-06-30,1201,1099,1099,15,14,14,0,0,0,0,1
lrb,利润表,lrb,POLIDIVIEXPE,保单红利支出,f2,2,小类,14,1992-12-31,2026-06-30,1201,1099,0,15,14,0,0,14,0,0,1
lrb,利润表,lrb,POUNEXPE,手续费及佣金支出,f2,1 / 2,小类 / 缩进,15,1992-12-31,2026-06-30,1201,1201,211,15,15,3,0,12,0,0,0
lrb,利润表,lrb,POUNINCO,手续费及佣金收入,f2,1,小类 / 缩进,15,1992-12-31,2026-06-30,1201,1201,183,15,15,2,0,13,0,0,0
lrb,利润表,lrb,PREFSTOCKDIVI,减:应付优先股股利,f2,7,小类,1,1999-12-31,2026-06-30,1201,102,9,15,1,1,0,0,0,0,14
lrb,利润表,lrb,REALSALE,房地产销售收入,f2,1,小类,14,1992-12-31,2026-06-30,1201,1099,0,15,14,0,0,14,0,0,1
lrb,利润表,lrb,REALSALECOST,房地产销售成本,f2,2,小类,14,1992-12-31,2026-06-30,1201,1099,0,15,14,0,0,14,0,0,1
lrb,利润表,lrb,REINEXPE,分保费用,f2,2,小类,14,1992-12-31,2026-06-30,1201,1099,0,15,14,0,0,14,0,0,1
lrb,利润表,lrb,SALESEXPE,销售费用,f2,2,小类,14,1992-12-31,2026-06-30,1201,1099,1089,15,14,14,0,0,0,0,1
lrb,利润表,lrb,STATEXTRUNDI,提取法定公益金,f2,6,小类,1,1999-12-31,2026-06-30,1201,102,1,15,1,0,0,1,0,0,14
lrb,利润表,lrb,SUBSIDYINCOME,补贴收入,f2,2,小类,14,1992-12-31,2026-06-30,1201,1099,89,15,14,0,0,14,0,0,1
lrb,利润表,lrb,SURPRESERECOLOSS,盈余公积补亏,f2,6,小类,1,1999-12-31,2026-06-30,1201,102,0,15,1,0,0,1,0,0,14
lrb,利润表,lrb,SURRESERVINTO,盈余公积转入,f2,6,小类,1,1999-12-31,2026-06-30,1201,102,0,15,1,0,0,1,0,0,14
lrb,利润表,lrb,SURRGOLD,退保金,f2,2,小类,14,1992-12-31,2026-06-30,1201,1099,0,15,14,0,0,14,0,0,1
lrb,利润表,lrb,TDIFFFORCUR,外币财务报表折算差额,f2,6 / 9,缩进,15,1992-12-31,2026-06-30,1201,1201,608,15,15,15,0,0,0,0,0
lrb,利润表,lrb,TEROPERNPROFIT,终止经营净利润,f2,5,小类,15,1992-12-31,2026-06-30,1201,1201,25,15,15,0,0,15,0,0,0
lrb,利润表,lrb,TOTPROFIT,利润总额,f2,4,大类,15,1992-12-31,2026-06-30,1201,1201,1201,15,15,15,0,0,0,0,0
lrb,利润表,lrb,TRUSTLOSS,提取信托赔偿准备金,f2,6,小类,1,1999-12-31,2026-06-30,1201,102,0,15,1,0,0,1,0,0,14
lrb,利润表,lrb,TURNCAPSDIVI,转作股本的普通股股利,f2,7,小类,1,1999-12-31,2026-06-30,1201,102,0,15,1,0,0,1,0,0,14
lrb,利润表,lrb,UNDIPROF,未分配利润,f2,8,大类,1,1999-12-31,2026-06-30,1201,102,43,15,1,1,0,0,0,0,14
lrb,利润表,lrb,UNREINVELOSS,未确认投资损失,f2,4,小类,15,1992-12-31,2026-06-30,1201,1201,11,15,15,0,0,15,0,0,0
lrb,利润表,lrb,VALUECHGLOSS,公允价值变动收益,f2,2,小类,14,1992-12-31,2026-06-30,1201,1099,692,15,14,14,0,0,0,0,1
lrb,利润表,lrb,VALUECHGLOSS,公允价值变动收益/(损失),f2,1,小类,1,1999-12-31,2026-06-30,1201,102,84,15,1,1,0,0,0,0,14
fzb,资产负债表,fzb,ACCHELDFORS,划分为持有待售的资产,f2,1,小类,15,1992-12-31,2026-06-30,1186,1186,36,15,15,1,0,14,0,0,0
fzb,资产负债表,fzb,ACCOPAYA,应付账款,f2,2 / 3,小类 / 缩进,15,1992-12-31,2026-06-30,1186,1186,1047,15,15,14,0,1,0,0,0
fzb,资产负债表,fzb,ACCORECE,应收账款,f2,1,小类 / 缩进,15,1992-12-31,2026-06-30,1186,1186,1041,15,15,14,0,1,0,0,0
fzb,资产负债表,fzb,ACCREXPE,预提费用,f2,2 / 3,小类,15,1992-12-31,2026-06-30,1186,1186,162,15,15,0,0,15,0,0,0
fzb,资产负债表,fzb,ACCRPAYR,其中:应付工资,f2,2,缩进,1,1999-12-31,2026-06-30,1186,102,30,15,1,0,0,1,0,0,14
fzb,资产负债表,fzb,ACCUDEP,减:累计折旧,f2,1,小类,1,1999-12-31,2026-06-30,1186,102,59,15,1,1,0,0,0,0,14
fzb,资产负债表,fzb,ACCUDEPR,累计折旧,f2,2,小类,14,1992-12-31,2026-06-30,1186,1084,607,15,14,14,0,0,0,0,1
fzb,资产负债表,fzb,ACTITRADSECU,代理买卖证券款,f2,3,小类,14,1992-12-31,2026-06-30,1186,1084,1,15,14,0,0,14,0,0,1
fzb,资产负债表,fzb,ACTIUNDESECU,代理承销证券款,f2,3,小类,14,1992-12-31,2026-06-30,1186,1084,1,15,14,0,0,14,0,0,1
fzb,资产负债表,fzb,ADVAMONEY,预付账款,f2,1,小类,1,1999-12-31,2026-06-30,1186,102,0,15,1,0,0,1,0,0,14
fzb,资产负债表,fzb,ADVAOFLEASASSET,预付租赁资产款,f2,1,小类,1,1999-12-31,2026-06-30,1186,102,0,15,1,0,0,1,0,0,14
fzb,资产负债表,fzb,ADVAPAYM,预收款项,f2,3,小类,14,1992-12-31,2026-06-30,1186,1084,840,15,14,8,1,6,0,0,1
fzb,资产负债表,fzb,AGENBUSIASSET,代理业务资产,f2,1,小类,1,1999-12-31,2026-06-30,1186,102,0,15,1,0,0,1,0,0,14
fzb,资产负债表,fzb,AGENSERVDEBT,代理业务负债,f2,2,小类,1,1999-12-31,2026-06-30,1186,102,0,15,1,0,0,1,0,0,14
fzb,资产负债表,fzb,ALLOCASHDIVI,其中:拟分配现金股利,f2,3,缩进,1,1999-12-31,2026-06-30,1186,102,17,15,1,0,0,1,0,0,14
fzb,资产负债表,fzb,AMORTIZCOSTASSETS,以摊余成本计量的金融资产,f2,1 / 2,小类,15,1992-12-31,2026-06-30,1186,1186,32,15,15,1,0,14,0,0,0
fzb,资产负债表,fzb,AVAISELLASSE,可供出售金融资产,f2,1 / 2,小类,15,1992-12-31,2026-06-30,1186,1186,443,15,15,0,0,15,0,0,0
fzb,资产负债表,fzb,BADASSELOSSRESE,减:不良资产处置损失专项准备,f2,1,小类,1,1999-12-31,2026-06-30,1186,102,0,15,1,0,0,1,0,0,14
fzb,资产负债表,fzb,BALADEPO,结算准备金,f2,1,小类,1,1999-12-31,2026-06-30,1186,102,0,15,1,0,0,1,0,0,14
fzb,资产负债表,fzb,BANKDEPOANDBORR,同业存入及拆入,f2,2,小类,1,1999-12-31,2026-06-30,1186,102,101,15,1,1,0,0,0,0,14
fzb,资产负债表,fzb,BDSPAYA,应付债券,f2,2 / 4,小类,15,1992-12-31,2026-06-30,1186,1186,526,15,15,7,0,8,0,0,0
fzb,资产负债表,fzb,BDSPAYAPERBOND,应付债券：永续债,f2,2 / 4,缩进,15,1992-12-31,2026-06-30,1186,1186,0,15,15,0,0,15,0,0,0
fzb,资产负债表,fzb,BDSPAYAPREST,应付债券：优先股,f2,2 / 4,缩进,15,1992-12-31,2026-06-30,1186,1186,13,15,15,0,0,15,0,0,0
fzb,资产负债表,fzb,BILLFINA,票据融资,f2,2,小类,1,1999-12-31,2026-06-30,1186,102,16,15,1,0,0,1,0,0,14
fzb,资产负债表,fzb,BILLPURC,进出口押汇,f2,1,小类,1,1999-12-31,2026-06-30,1186,102,19,15,1,0,0,1,0,0,14
fzb,资产负债表,fzb,BORROTHERFUND,借入其他资金,f2,2,小类,1,1999-12-31,2026-06-30,1186,102,0,15,1,0,0,1,0,0,14
fzb,资产负债表,fzb,BUDGALLO,财政拨款,f2,2,小类,1,1999-12-31,2026-06-30,1186,102,0,15,1,0,0,1,0,0,14
fzb,资产负债表,fzb,CAPISTOCK,股本,f2,3,小类,1,1999-12-31,2026-06-30,1186,102,101,15,1,1,0,0,0,0,14
fzb,资产负债表,fzb,CAPISURP,资本公积,f2,3 / 5,小类,15,1992-12-31,2026-06-30,1186,1186,1171,15,15,15,0,0,0,0,0
fzb,资产负债表,fzb,CASH,其中:现金,f2,1,缩进,1,1999-12-31,2026-06-30,1186,102,69,15,1,1,0,0,0,0,14
fzb,资产负债表,fzb,CASHANDDEPOCENB,现金及存放中央银行款项,f2,1,小类,1,1999-12-31,2026-06-30,1186,102,101,15,1,1,0,0,0,0,14
fzb,资产负债表,fzb,CENBANKBORR,向中央银行借款,f2,2 / 3,小类,15,1992-12-31,2026-06-30,1186,1186,70,15,15,1,0,14,0,0,0
fzb,资产负债表,fzb,CENBAPPRSPECNOTES,央行拨付专项票据资金,f2,2,小类,1,1999-12-31,2026-06-30,1186,102,0,15,1,0,0,1,0,0,14
fzb,资产负债表,fzb,CLIEDEPO,客户存款(吸收存款),f2,2,小类,1,1999-12-31,2026-06-30,1186,102,101,15,1,1,0,0,0,0,14
fzb,资产负债表,fzb,COMASSE,公益性生物资产,f2,2,小类,14,1992-12-31,2026-06-30,1186,1084,0,15,14,0,0,14,0,0,1
fzb,资产负债表,fzb,CONSPROG,在建工程,f2,1 / 2,小类,15,1992-12-31,2026-06-30,1186,1186,887,15,15,14,0,1,0,0,0
fzb,资产负债表,fzb,CONSPROGTOT,在建工程合计,f2,2,小类,14,1992-12-31,2026-06-30,1186,1084,1072,15,14,14,0,0,0,0,1
fzb,资产负债表,fzb,CONTRACTASSET,合同资产,f2,1 / 2,小类,15,1992-12-31,2026-06-30,1186,1186,181,15,15,7,0,8,0,0,0
fzb,资产负债表,fzb,CONTRACTLIAB,合同负债,f2,2 / 3,小类,15,1992-12-31,2026-06-30,1186,1186,422,15,15,15,0,0,0,0,0
fzb,资产负债表,fzb,COPEPOUN,应付手续费及佣金,f2,3,小类,14,1992-12-31,2026-06-30,1186,1084,3,15,14,0,0,14,0,0,1
fzb,资产负债表,fzb,COPEWITHREINRECE,应付分保账款,f2,3,小类,14,1992-12-31,2026-06-30,1186,1084,1,15,14,0,0,14,0,0,1
fzb,资产负债表,fzb,COPEWORKERSAL,应付职工薪酬,f2,2 / 3,小类,15,1992-12-31,2026-06-30,1186,1186,1172,15,15,15,0,0,0,0,0
fzb,资产负债表,fzb,CURFDS,货币资金,f2,1,小类,14,1992-12-31,2026-06-30,1186,1084,1077,15,14,14,0,0,0,0,1
fzb,资产负债表,fzb,CURREXCH,货币兑换,f2,2,小类,1,1999-12-31,2026-06-30,1186,102,0,15,1,0,0,1,0,0,14
fzb,资产负债表,fzb,CURTRANDIFF,外币报表折算差额,f2,3 / 5,小类,15,1992-12-31,2026-06-30,1186,1186,200,15,15,0,0,15,0,0,0
fzb,资产负债表,fzb,DEBTCAPIDEPRRESE,减:抵债资产减值准备,f2,1,小类,1,1999-12-31,2026-06-30,1186,102,0,15,1,0,0,1,0,0,14
fzb,资产负债表,fzb,DEFEINCO,递延收益,f2,2,小类,1,1999-12-31,2026-06-30,1186,102,0,15,1,0,0,1,0,0,14
fzb,资产负债表,fzb,DEFEINCOTAXLIAB,递延所得税负债,f2,2 / 4,小类,15,1992-12-31,2026-06-30,1186,1186,944,15,15,15,0,0,0,0,0
fzb,资产负债表,fzb,DEFEREVE,一年内的递延收益,f2,3,小类,14,1992-12-31,2026-06-30,1186,1084,1,15,14,0,0,14,0,0,1
fzb,资产负债表,fzb,DEFETAXASSET,递延所得税资产,f2,2,小类,14,1992-12-31,2026-06-30,1186,1084,937,15,14,14,0,0,0,0,1
fzb,资产负债表,fzb,DEFETAXDEBI,递延税款借项,f2,1,小类,1,1999-12-31,2026-06-30,1186,102,101,15,1,1,0,0,0,0,14
fzb,资产负债表,fzb,DEPOCENB,存放中央银行款,f2,1,缩进,1,1999-12-31,2026-06-30,1186,102,83,15,1,1,0,0,0,0,14
fzb,资产负债表,fzb,DEPOFROMCORRBANKS,联行存放款项,f2,2,小类,1,1999-12-31,2026-06-30,1186,102,1,15,1,0,0,1,0,0,14
fzb,资产负债表,fzb,DEPOFROMOTHERBANK,其中:同业存放款项,f2,2,缩进,1,1999-12-31,2026-06-30,1186,102,101,15,1,1,0,0,0,0,14
fzb,资产负债表,fzb,DEPOOTHERBANK,存放同业款项,f2,1,小类,1,1999-12-31,2026-06-30,1186,102,99,15,1,1,0,0,0,0,14
fzb,资产负债表,fzb,DEPORECE,预收账款,f2,2,小类,1,1999-12-31,2026-06-30,1186,102,0,15,1,0,0,1,0,0,14
fzb,资产负债表,fzb,DEPOSIT,吸收存款及同业存放,f2,3,小类,14,1992-12-31,2026-06-30,1186,1084,108,15,14,2,0,12,0,0,1
fzb,资产负债表,fzb,DERIFINAASSET,衍生金融资产,f2,1,小类,14,1992-12-31,2026-06-30,1186,1084,153,15,14,7,0,7,0,0,1
fzb,资产负债表,fzb,DERIFINAINSTASSET,衍生金融工具资产,f2,1,小类,1,1999-12-31,2026-06-30,1186,102,73,15,1,1,0,0,0,0,14
fzb,资产负债表,fzb,DERIFINAINSTDEBT,衍生金融工具负债,f2,2,小类,1,1999-12-31,2026-06-30,1186,102,73,15,1,1,0,0,0,0,14
fzb,资产负债表,fzb,DERILIAB,衍生金融负债,f2,3,小类,14,1992-12-31,2026-06-30,1186,1084,142,15,14,6,0,8,0,0,1
fzb,资产负债表,fzb,DEVEEXPE,开发支出,f2,2,小类,14,1992-12-31,2026-06-30,1186,1084,205,15,14,5,0,9,0,0,1
fzb,资产负债表,fzb,DISC,贴现,f2,1,小类,1,1999-12-31,2026-06-30,1186,102,19,15,1,0,0,1,0,0,14
fzb,资产负债表,fzb,DISCLIAB,贴现负债,f2,2,小类,1,1999-12-31,2026-06-30,1186,102,0,15,1,0,0,1,0,0,14
fzb,资产负债表,fzb,DIVIDRECE,应收股利,f2,1,小类,15,1992-12-31,2026-06-30,1186,1186,320,15,15,6,0,9,0,0,0
fzb,资产负债表,fzb,DIVIPAYA,应付股利,f2,2 / 3,小类,15,1992-12-31,2026-06-30,1186,1186,650,15,15,8,0,7,0,0,0
fzb,资产负债表,fzb,DOMETICKSETT,国内票证结算,f2,3,小类,14,1992-12-31,2026-06-30,1186,1084,0,15,14,0,0,14,0,0,1
fzb,资产负债表,fzb,DUENONCLIAB,一年内到期的非流动负债,f2,3,小类,14,1992-12-31,2026-06-30,1186,1084,839,15,14,14,0,0,0,0,1
fzb,资产负债表,fzb,ENGIMATE,工程物资,f2,2,小类,14,1992-12-31,2026-06-30,1186,1084,367,15,14,6,0,8,0,0,1
fzb,资产负债表,fzb,ENTRDEPO,委托存款,f2,2,小类,1,1999-12-31,2026-06-30,1186,102,0,15,1,0,0,1,0,0,14
fzb,资产负债表,fzb,ENTRINVANDLOAN,委托贷款及委托投资,f2,1,小类,1,1999-12-31,2026-06-30,1186,102,0,15,1,0,0,1,0,0,14
fzb,资产负债表,fzb,EQUIINVE,长期股权投资,f2,1 / 2,小类,15,1992-12-31,2026-06-30,1186,1186,1097,15,15,15,0,0,0,0,0
fzb,资产负债表,fzb,ESTIDEBTS,预计负债,f2,2,小类,1,1999-12-31,2026-06-30,1186,102,34,15,1,1,0,0,0,0,14
fzb,资产负债表,fzb,EXPECURRLIAB,预计流动负债,f2,3,小类,14,1992-12-31,2026-06-30,1186,1084,6,15,14,0,0,14,0,0,1
fzb,资产负债表,fzb,EXPEMETA,贵金属,f2,1,小类,1,1999-12-31,2026-06-30,1186,102,54,15,1,1,0,0,0,0,14
fzb,资产负债表,fzb,EXPENONCLIAB,预计非流动负债,f2,4,小类,14,1992-12-31,2026-06-30,1186,1084,611,15,14,12,1,2,0,0,1
fzb,资产负债表,fzb,EXPINONCURRASSET,一年内到期的非流动资产,f2,1,小类,14,1992-12-31,2026-06-30,1186,1084,429,15,14,9,0,5,0,0,1
fzb,资产负债表,fzb,EXPOREMI,汇出汇款,f2,2,小类,1,1999-12-31,2026-06-30,1186,102,19,15,1,0,0,1,0,0,14
fzb,资产负债表,fzb,EXPOTAXREBARECE,应收出口退税,f2,1,小类,14,1992-12-31,2026-06-30,1186,1084,0,15,14,0,0,14,0,0,1
fzb,资产负债表,fzb,FAFALLIMPA,减:固定资产减值准备,f2,1,小类,1,1999-12-31,2026-06-30,1186,102,13,15,1,1,0,0,0,0,14
fzb,资产负债表,fzb,FAIRVALUEASSETS,以公允价值计量且其变动计入其他综合收益的金融资产,f2,1 / 2,小类,15,1992-12-31,2026-06-30,1186,1186,3,15,15,0,0,15,0,0,0
fzb,资产负债表,fzb,FAIRVALUECHGRESE,可供出售类投资未实现损益(公允价值变动储备),f2,3,小类,1,1999-12-31,2026-06-30,1186,102,0,15,1,0,0,1,0,0,14
fzb,资产负债表,fzb,FDSBORR,拆入资金,f2,2 / 3,小类 / 缩进,15,1992-12-31,2026-06-30,1186,1186,102,15,15,1,0,14,0,0,0
fzb,资产负债表,fzb,FINACOMPSPLIT,拆放金融性公司,f2,1,缩进,1,1999-12-31,2026-06-30,1186,102,10,15,1,0,0,1,0,0,14
fzb,资产负债表,fzb,FINALEASEASSET,融资租赁资产,f2,1,小类,1,1999-12-31,2026-06-30,1186,102,0,15,1,0,0,1,0,0,14
fzb,资产负债表,fzb,FINCOSTSPAIDCASH,发放贷款及垫款净额,f2,1,小类,1,1999-12-31,2026-06-30,1186,102,101,15,1,1,0,0,0,0,14
fzb,资产负债表,fzb,FIXEDASSECLEA,固定资产清理,f2,1 / 2,小类 / 缩进,15,1992-12-31,2026-06-30,1186,1186,326,15,15,6,1,9,0,0,0
fzb,资产负债表,fzb,FIXEDASSECLEATOT,固定资产及清理合计,f2,2,小类,14,1992-12-31,2026-06-30,1186,1084,1081,15,14,14,0,0,0,0,1
fzb,资产负债表,fzb,FIXEDASSEIMMO,固定资产原值,f2,1 / 2,小类,15,1992-12-31,2026-06-30,1186,1186,666,15,15,15,0,0,0,0,0
fzb,资产负债表,fzb,FIXEDASSEIMPA,固定资产减值准备,f2,2,小类,14,1992-12-31,2026-06-30,1186,1084,479,15,14,12,0,2,0,0,1
fzb,资产负债表,fzb,FIXEDASSENET,固定资产净额,f2,1 / 2,小类 / 缩进,15,1992-12-31,2026-06-30,1186,1186,977,15,15,15,0,0,0,0,0
fzb,资产负债表,fzb,FIXEDASSENETW,固定资产净值,f2,1 / 2,小类,15,1992-12-31,2026-06-30,1186,1186,676,15,15,15,0,0,0,0,0
fzb,资产负债表,fzb,FIXEDASSETOT,固定资产合计,f2,1,小类,1,1999-12-31,2026-06-30,1186,102,101,15,1,1,0,0,0,0,14
fzb,资产负债表,fzb,FOREGOVEBORR,外国政府借款,f2,2,小类,1,1999-12-31,2026-06-30,1186,102,0,15,1,0,0,1,0,0,14
fzb,资产负债表,fzb,GENERISKRESE,一般风险准备,f2,3 / 5,小类,15,1992-12-31,2026-06-30,1186,1186,211,15,15,4,0,11,0,0,0
fzb,资产负债表,fzb,GOODWILL,商誉,f2,1 / 2,小类,15,1992-12-31,2026-06-30,1186,1186,743,15,15,12,0,3,0,0,0
fzb,资产负债表,fzb,GUARDEPORECE,存入保证金,f2,2,小类,1,1999-12-31,2026-06-30,1186,102,19,15,1,0,0,1,0,0,14
fzb,资产负债表,fzb,GUARISS,保证款项,f2,2,小类,1,1999-12-31,2026-06-30,1186,102,0,15,1,0,0,1,0,0,14
fzb,资产负债表,fzb,HOLDINVEDUE,债权投资,f2,1 / 2,小类,15,1992-12-31,2026-06-30,1186,1186,310,15,15,6,0,9,0,0,0
fzb,资产负债表,fzb,HOLDLASADEPO,存放联行款项,f2,1,小类,1,1999-12-31,2026-06-30,1186,102,0,15,1,0,0,1,0,0,14
fzb,资产负债表,fzb,HYDRASSET,油气资产,f2,2,小类,14,1992-12-31,2026-06-30,1186,1084,2,15,14,0,0,14,0,0,1
fzb,资产负债表,fzb,INSUCONTRESE,保险合同准备金,f2,3,小类,14,1992-12-31,2026-06-30,1186,1084,1,15,14,0,0,14,0,0,1
fzb,资产负债表,fzb,INTAASSET,无形资产,f2,1 / 2,小类,15,1992-12-31,2026-06-30,1186,1186,1119,15,15,15,0,0,0,0,0
fzb,资产负债表,fzb,INTELPAY,内部应付款,f2,3,小类,14,1992-12-31,2026-06-30,1186,1084,0,15,14,0,0,14,0,0,1
fzb,资产负债表,fzb,INTELRECE,内部应收款,f2,1,小类,14,1992-12-31,2026-06-30,1186,1084,0,15,14,0,0,14,0,0,1
fzb,资产负债表,fzb,INTEPAYA,应付利息,f2,2 / 3,小类,15,1992-12-31,2026-06-30,1186,1186,532,15,15,2,1,13,0,0,0
fzb,资产负债表,fzb,INTERECE,应收利息,f2,1,小类,15,1992-12-31,2026-06-30,1186,1186,453,15,15,2,0,13,0,0,0
fzb,资产负债表,fzb,INTETICKSETT,国际票证结算,f2,3,小类,14,1992-12-31,2026-06-30,1186,1084,0,15,14,0,0,14,0,0,1
fzb,资产负债表,fzb,INVE,存货,f2,1,小类,15,1992-12-31,2026-06-30,1186,1186,1080,15,15,14,0,1,0,0,0
fzb,资产负债表,fzb,INVEPROP,投资性房地产,f2,1 / 2,小类,15,1992-12-31,2026-06-30,1186,1186,600,15,15,12,0,3,0,0,0
fzb,资产负债表,fzb,INVSUBC,其中:投资子公司,f2,1,缩进,1,1999-12-31,2026-06-30,1186,102,2,15,1,0,0,1,0,0,14
fzb,资产负债表,fzb,ISSCURRDEBT,发行货币债务,f2,2,小类,1,1999-12-31,2026-06-30,1186,102,0,15,1,0,0,1,0,0,14
fzb,资产负债表,fzb,ISSDEPOCERT,发行存款证,f2,2,小类,1,1999-12-31,2026-06-30,1186,102,2,15,1,0,0,1,0,0,14
fzb,资产负债表,fzb,KEPTMARG,存出保证金,f2,1,小类,1,1999-12-31,2026-06-30,1186,102,0,15,1,0,0,1,0,0,14
fzb,资产负债表,fzb,LCOPEWORKERSAL,长期应付职工薪酬,f2,4,小类,14,1992-12-31,2026-06-30,1186,1084,269,15,14,7,0,7,0,0,1
fzb,资产负债表,fzb,LEASELIAB,租赁负债,f2,2 / 4,小类,15,1992-12-31,2026-06-30,1186,1186,373,15,15,15,0,0,0,0,0
fzb,资产负债表,fzb,LENDANDLOAN,发放贷款及垫款,f2,2,小类,14,1992-12-31,2026-06-30,1186,1084,119,15,14,2,0,12,0,0,1
fzb,资产负债表,fzb,LENDANDLOANCUST,发放贷款及垫款,f2,1,小类,1,1999-12-31,2026-06-30,1186,102,100,15,1,1,0,0,0,0,14
fzb,资产负债表,fzb,LIABHELDFORS,划分为持有待售的负债,f2,2 / 3,小类,15,1992-12-31,2026-06-30,1186,1186,19,15,15,0,0,15,0,0,0
fzb,资产负债表,fzb,LOANLOSSRESE,减:贷款损失准备,f2,1,小类,1,1999-12-31,2026-06-30,1186,102,96,15,1,1,0,0,0,0,14
fzb,资产负债表,fzb,LOGPREPEXPE,长期待摊费用,f2,1 / 2,小类,15,1992-12-31,2026-06-30,1186,1186,982,15,15,14,0,1,0,0,0
fzb,资产负债表,fzb,LONGBORR,长期借款,f2,2 / 4,小类,15,1992-12-31,2026-06-30,1186,1186,851,15,15,12,0,3,0,0,0
fzb,资产负债表,fzb,LONGDEFEINCO,长期递延收益,f2,4,小类,14,1992-12-31,2026-06-30,1186,1084,561,15,14,14,0,0,0,0,1
fzb,资产负债表,fzb,LONGPAYA,长期应付款,f2,2 / 4,小类,15,1992-12-31,2026-06-30,1186,1186,379,15,15,6,0,9,0,0,0
fzb,资产负债表,fzb,LONGPAYATOT,长期应付款合计,f2,4,小类,14,1992-12-31,2026-06-30,1186,1084,733,15,14,8,0,6,0,0,1
fzb,资产负债表,fzb,LONGRECE,长期应收款,f2,1 / 2,小类,15,1992-12-31,2026-06-30,1186,1186,382,15,15,7,0,8,0,0,0
fzb,资产负债表,fzb,MARGRECE,应收保证金,f2,1,小类,14,1992-12-31,2026-06-30,1186,1084,0,15,14,0,0,14,0,0,1
fzb,资产负债表,fzb,MARGREQU,应付保证金,f2,3,小类,14,1992-12-31,2026-06-30,1186,1084,0,15,14,0,0,14,0,0,1
fzb,资产负债表,fzb,MINYSHARRIGH,少数股东权益,f2,3 / 5,小类,15,1992-12-31,2026-06-30,1186,1186,1012,15,15,14,0,1,0,0,0
fzb,资产负债表,fzb,NOTESACCOPAYA,应付票据及应付账款,f2,3,小类,14,1992-12-31,2026-06-30,1186,1084,1077,15,14,14,0,0,0,0,1
fzb,资产负债表,fzb,NOTESACCORECE,应收票据及应收账款,f2,1,小类,14,1992-12-31,2026-06-30,1186,1084,1072,15,14,14,0,0,0,0,1
fzb,资产负债表,fzb,NOTESPAYA,应付票据,f2,2 / 3,小类 / 缩进,15,1992-12-31,2026-06-30,1186,1186,837,15,15,12,1,3,0,0,0
fzb,资产负债表,fzb,NOTESRECE,应收票据,f2,1,小类 / 缩进,15,1992-12-31,2026-06-30,1186,1186,970,15,15,11,0,4,0,0,0
fzb,资产负债表,fzb,OCL,其他综合收益,f2,3 / 5,小类,15,1992-12-31,2026-06-30,1186,1186,628,15,15,15,0,0,0,0,0
fzb,资产负债表,fzb,OTHDEBTINVEST,其他债权投资,f2,1 / 2,小类,15,1992-12-31,2026-06-30,1186,1186,58,15,15,2,0,13,0,0,0
fzb,资产负债表,fzb,OTHEQUIN,其他权益工具,f2,3 / 5,小类,15,1992-12-31,2026-06-30,1186,1186,114,15,15,3,0,12,0,0,0
fzb,资产负债表,fzb,OTHEQUININVEST,其他权益工具投资,f2,1 / 2,小类,15,1992-12-31,2026-06-30,1186,1186,370,15,15,12,0,3,0,0,0
fzb,资产负债表,fzb,OTHERASSE,其他资产,f2,1,小类,1,1999-12-31,2026-06-30,1186,102,83,15,1,1,0,0,0,0,14
fzb,资产负债表,fzb,OTHERCURRASSE,其他流动资产,f2,1,小类,14,1992-12-31,2026-06-30,1186,1084,798,15,14,14,0,0,0,0,1
fzb,资产负债表,fzb,OTHERCURRELIABI,其他流动负债,f2,3,小类,14,1992-12-31,2026-06-30,1186,1084,656,15,14,14,0,0,0,0,1
fzb,资产负债表,fzb,OTHERFEEPAYA,其他应交款,f2,3,小类,14,1992-12-31,2026-06-30,1186,1084,147,15,14,0,0,14,0,0,1
fzb,资产负债表,fzb,OTHERLIABI,其他负债,f2,2,小类,1,1999-12-31,2026-06-30,1186,102,83,15,1,1,0,0,0,0,14
fzb,资产负债表,fzb,OTHERLONGINVE,其他长期投资,f2,2,小类,14,1992-12-31,2026-06-30,1186,1084,3,15,14,0,0,14,0,0,1
fzb,资产负债表,fzb,OTHERNONCASSE,其他非流动资产,f2,2,小类,14,1992-12-31,2026-06-30,1186,1084,722,15,14,14,0,0,0,0,1
fzb,资产负债表,fzb,OTHERNONCFINASSE,其他非流动金融资产,f2,2,小类,14,1992-12-31,2026-06-30,1186,1084,253,15,14,12,0,2,0,0,1
fzb,资产负债表,fzb,OTHERNONCLIABI,其他非流动负债,f2,4,小类,14,1992-12-31,2026-06-30,1186,1084,517,15,14,8,0,6,0,0,1
fzb,资产负债表,fzb,OTHERPAY,其他应付款,f2,2 / 3,小类,15,1992-12-31,2026-06-30,1186,1186,872,15,15,13,0,2,0,0,0
fzb,资产负债表,fzb,OTHERPAYTOT,其他应付款合计,f2,3,小类,14,1992-12-31,2026-06-30,1186,1084,1077,15,14,14,0,0,0,0,1
fzb,资产负债表,fzb,OTHERRECE,其他应收款,f2,1,小类,15,1992-12-31,2026-06-30,1186,1186,874,15,15,13,0,2,0,0,0
fzb,资产负债表,fzb,OTHERRECETOT,其他应收款(合计),f2,1,小类,14,1992-12-31,2026-06-30,1186,1084,1077,15,14,14,0,0,0,0,1
fzb,资产负债表,fzb,OTHERRESE,其他储备,f2,3,小类,1,1999-12-31,2026-06-30,1186,102,17,15,1,0,0,1,0,0,14
fzb,资产负债表,fzb,PAIDINCAPI,实收资本(或股本),f2,5,小类,14,1992-12-31,2026-06-30,1186,1084,1078,15,14,14,0,0,0,0,1
fzb,资产负债表,fzb,PARECOMPSHARRIGHT,归属于母公司股东的权益,f2,3,中类,1,1999-12-31,2026-06-30,1186,102,102,15,1,1,0,0,0,0,14
fzb,资产负债表,fzb,PARESHARRIGH,归属于母公司股东权益合计,f2,5,中类,14,1992-12-31,2026-06-30,1186,1084,1084,15,14,14,0,0,0,0,1
fzb,资产负债表,fzb,PENDDEBTCAPINETA,待处理抵债资产净额,f2,1,小类,1,1999-12-31,2026-06-30,1186,102,19,15,1,0,0,1,0,0,14
fzb,资产负债表,fzb,PENDDEBTPAYMCAPI,待处理抵债资产,f2,1,小类,1,1999-12-31,2026-06-30,1186,102,19,15,1,0,0,1,0,0,14
fzb,资产负债表,fzb,PERBOND,其中：永续债,f2,3,缩进,1,1999-12-31,2026-06-30,1186,102,24,15,1,1,0,0,0,0,14
fzb,资产负债表,fzb,PERBOND,永续债,f2,5,缩进,14,1992-12-31,2026-06-30,1186,1084,57,15,14,0,0,14,0,0,1
fzb,资产负债表,fzb,PLAC,拆出资金,f2,1,小类,15,1992-12-31,2026-06-30,1186,1186,135,15,15,2,0,13,0,0,0
fzb,资产负债表,fzb,PREMRECE,应收保费,f2,1,小类,14,1992-12-31,2026-06-30,1186,1084,1,15,14,0,0,14,0,0,1
fzb,资产负债表,fzb,PREP,预付款项,f2,1,小类,14,1992-12-31,2026-06-30,1186,1084,1077,15,14,14,0,0,0,0,1
fzb,资产负债表,fzb,PREPEXPE,待摊费用,f2,1,小类,15,1992-12-31,2026-06-30,1186,1186,131,15,15,0,0,15,0,0,0
fzb,资产负债表,fzb,PREST,优先股,f2,5,缩进,14,1992-12-31,2026-06-30,1186,1084,1,15,14,0,0,14,0,0,1
fzb,资产负债表,fzb,PREST,其中:优先股,f2,3,缩进,1,1999-12-31,2026-06-30,1186,102,33,15,1,0,0,1,0,0,14
fzb,资产负债表,fzb,PRODASSE,生产性生物资产,f2,2,小类,14,1992-12-31,2026-06-30,1186,1084,68,15,14,2,0,12,0,0,1
fzb,资产负债表,fzb,PURCRESAASSET,买入返售金融资产,f2,1,小类,15,1992-12-31,2026-06-30,1186,1186,118,15,15,2,0,13,0,0,0
fzb,资产负债表,fzb,RECESUMINVE,应收投资款项,f2,1,小类,1,1999-12-31,2026-06-30,1186,102,46,15,1,0,0,1,0,0,14
fzb,资产负债表,fzb,RECFINANC,应收款项融资,f2,1,小类,15,1992-12-31,2026-06-30,1186,1186,204,15,15,11,0,4,0,0,0
fzb,资产负债表,fzb,REFUNOTEISSUFUND,存出发钞基金,f2,1,小类,1,1999-12-31,2026-06-30,1186,102,0,15,1,0,0,1,0,0,14
fzb,资产负债表,fzb,REINCONTRESE,应收分保合同准备金,f2,1,小类,14,1992-12-31,2026-06-30,1186,1084,1,15,14,0,0,14,0,0,1
fzb,资产负债表,fzb,REINRECE,应收分保账款,f2,1,小类,14,1992-12-31,2026-06-30,1186,1084,1,15,14,0,0,14,0,0,1
fzb,资产负债表,fzb,REMIPAYAPROVDEPO,应解汇款及临时存款,f2,2,小类,1,1999-12-31,2026-06-30,1186,102,19,15,1,0,0,1,0,0,14
fzb,资产负债表,fzb,RENTSRECE,应收租赁款,f2,1,小类,1,1999-12-31,2026-06-30,1186,102,0,15,1,0,0,1,0,0,14
fzb,资产负债表,fzb,RESE,盈余公积,f2,3 / 5,小类,15,1992-12-31,2026-06-30,1186,1186,1157,15,15,15,0,0,0,0,0
fzb,资产负债表,fzb,RIGHAGGR,所有者权益(或股东权益)合计,f2,5,中类,14,1992-12-31,2026-06-30,1186,1084,1084,15,14,14,0,0,0,0,1
fzb,资产负债表,fzb,RUSEASSETS,使用权资产,f2,1 / 2,小类,15,1992-12-31,2026-06-30,1186,1186,373,15,15,15,0,0,0,0,0
fzb,资产负债表,fzb,SAMEINDUSPLIT,其中:拆放同业,f2,1,缩进,1,1999-12-31,2026-06-30,1186,102,22,15,1,0,0,1,0,0,14
fzb,资产负债表,fzb,SELLREPASSE,卖出回购金融资产款,f2,2 / 3,小类,15,1992-12-31,2026-06-30,1186,1186,108,15,15,1,0,14,0,0,0
fzb,资产负债表,fzb,SETTRESEDEPO,结算备付金,f2,1,小类,14,1992-12-31,2026-06-30,1186,1084,1,15,14,0,0,14,0,0,1
fzb,资产负债表,fzb,SHARRIGHTOTAL,负债及股东权益总计,f2,3,中类,1,1999-12-31,2026-06-30,1186,102,101,15,1,1,0,0,0,0,14
fzb,资产负债表,fzb,SHORTTERMBDSPAYA,应付短期债券,f2,3,小类,14,1992-12-31,2026-06-30,1186,1084,12,15,14,0,0,14,0,0,1
fzb,资产负债表,fzb,SHORTTERMBORR,短期借款,f2,2 / 3,小类,15,1992-12-31,2026-06-30,1186,1186,893,15,15,12,0,3,0,0,0
fzb,资产负债表,fzb,SPECCENTPAPE,专项央行票据,f2,1,小类,1,1999-12-31,2026-06-30,1186,102,0,15,1,0,0,1,0,0,14
fzb,资产负债表,fzb,SPECCENTSUPP,央行专项扶持资金,f2,1,小类,1,1999-12-31,2026-06-30,1186,102,0,15,1,0,0,1,0,0,14
fzb,资产负债表,fzb,SPECPAYA,专项应付款,f2,2 / 4,小类,15,1992-12-31,2026-06-30,1186,1186,359,15,15,2,0,13,0,0,0
fzb,资产负债表,fzb,SPECRESE,专项储备,f2,5,小类,14,1992-12-31,2026-06-30,1186,1084,357,15,14,10,0,4,0,0,1
fzb,资产负债表,fzb,SUBOBONDPAYA,其中:应付次级债券,f2,2,缩进,1,1999-12-31,2026-06-30,1186,102,6,15,1,0,0,1,0,0,14
fzb,资产负债表,fzb,SUBSRECE,应收补贴款,f2,1,小类,14,1992-12-31,2026-06-30,1186,1084,29,15,14,0,0,14,0,0,1
fzb,资产负债表,fzb,TAXESPAYA,应交税费,f2,2 / 3,小类,15,1992-12-31,2026-06-30,1186,1186,1178,15,15,15,0,0,0,0,0
fzb,资产负债表,fzb,TOPAYCASHDIVI,拟分配现金股利,f2,5,小类,14,1992-12-31,2026-06-30,1186,1084,28,15,14,0,0,14,0,0,1
fzb,资产负债表,fzb,TOTALCURRLIAB,流动负债合计,f2,3,中类,14,1992-12-31,2026-06-30,1186,1084,1083,15,14,14,0,0,0,0,1
fzb,资产负债表,fzb,TOTALNONCASSETS,非流动资产合计,f2,2,中类,14,1992-12-31,2026-06-30,1186,1084,1083,15,14,14,0,0,0,0,1
fzb,资产负债表,fzb,TOTALNONCLIAB,非流动负债合计,f2,4,中类,14,1992-12-31,2026-06-30,1186,1084,1075,15,14,14,0,0,0,0,1
fzb,资产负债表,fzb,TOTASSET,资产总计,f2,1 / 2,中类,15,1992-12-31,2026-06-30,1186,1186,1186,15,15,15,0,0,0,0,0
fzb,资产负债表,fzb,TOTCURRASSET,流动资产合计,f2,1,中类,14,1992-12-31,2026-06-30,1186,1084,1083,15,14,14,0,0,0,0,1
fzb,资产负债表,fzb,TOTLIAB,负债合计,f2,2 / 4,中类,15,1992-12-31,2026-06-30,1186,1186,1183,15,15,15,0,0,0,0,0
fzb,资产负债表,fzb,TOTLIABSHAREQUI,负债和所有者权益(或股东权益)总计,f2,5,中类,14,1992-12-31,2026-06-30,1186,1084,1083,15,14,14,0,0,0,0,1
fzb,资产负债表,fzb,TOTSHAREQUI,股东权益,f2,3,中类,1,1999-12-31,2026-06-30,1186,102,102,15,1,1,0,0,0,0,14
fzb,资产负债表,fzb,TRADFINASSET,交易性金融资产,f2,1,小类,15,1992-12-31,2026-06-30,1186,1186,693,15,15,12,0,3,0,0,0
fzb,资产负债表,fzb,TRADFINLIAB,交易性金融负债,f2,2 / 3,小类,15,1992-12-31,2026-06-30,1186,1186,405,15,15,5,1,10,0,0,0
fzb,资产负债表,fzb,TRADSHARTRAD,股权分置流通权,f2,2,小类,14,1992-12-31,2026-06-30,1186,1084,1,15,14,0,0,14,0,0,1
fzb,资产负债表,fzb,TREASTK,减:库存股,f2,5,小类,14,1992-12-31,2026-06-30,1186,1084,204,15,14,5,0,9,0,0,1
fzb,资产负债表,fzb,TREASTOCK,减:库藏股,f2,3,小类,1,1999-12-31,2026-06-30,1186,102,0,15,1,0,0,1,0,0,14
fzb,资产负债表,fzb,TRUSTCOMPRESE,信托赔偿准备金,f2,3,小类,1,1999-12-31,2026-06-30,1186,102,0,15,1,0,0,1,0,0,14
fzb,资产负债表,fzb,UNCOINCO,减:未确认的收益,f2,1,小类,1,1999-12-31,2026-06-30,1186,102,0,15,1,0,0,1,0,0,14
fzb,资产负债表,fzb,UNDIPROF,未分配利润,f2,3 / 5,小类,15,1992-12-31,2026-06-30,1186,1186,1176,15,15,15,0,0,0,0,0
fzb,资产负债表,fzb,UNREHELDINVINCO,持有至到期投资未结转损益,f2,3,小类,1,1999-12-31,2026-06-30,1186,102,0,15,1,0,0,1,0,0,14
fzb,资产负债表,fzb,UNREINVELOSS,未确定的投资损失,f2,3 / 5,小类,15,1992-12-31,2026-06-30,1186,1186,11,15,15,0,0,15,0,0,0
fzb,资产负债表,fzb,UNSEG,待处理流动资产损益,f2,1,小类,14,1992-12-31,2026-06-30,1186,1084,9,15,14,0,0,14,0,0,1
fzb,资产负债表,fzb,WARLIABRESE,担保责任赔偿准备金,f2,3,小类,14,1992-12-31,2026-06-30,1186,1084,0,15,14,0,0,14,0,0,1
fzb,资产负债表,fzb,WELFPAYA,应付福利费,f2,2,缩进,1,1999-12-31,2026-06-30,1186,102,21,15,1,0,0,1,0,0,14
llb,现金流量表,llb,ABSOREPNET,吸收的卖出回购项净额,f2,1,小类,1,1999-12-31,2026-06-30,1164,100,3,15,1,0,0,1,0,0,14
llb,现金流量表,llb,ACQUASSETCASH,购建固定资产、无形资产和其他长期资产所支付的现金,f2,2,小类,14,1998-06-30,2026-06-30,1164,1064,1063,15,14,14,0,0,0,0,1
llb,现金流量表,llb,ACQUASSETCASH,购建固定资产、无形资产和其他长期资产支付的现金,f2,2,小类,1,1999-12-31,2026-06-30,1164,100,99,15,1,1,0,0,0,0,14
llb,现金流量表,llb,BACKRESONET,收回的买入返售项净额,f2,1,小类,1,1999-12-31,2026-06-30,1164,100,5,15,1,0,0,1,0,0,14
llb,现金流量表,llb,BACKUNCOLOANRECE,收回的已于以前年度核销的贷款及应收款项,f2,1,小类,1,1999-12-31,2026-06-30,1164,100,57,15,1,0,0,1,0,0,14
llb,现金流量表,llb,BADLOANSINTEBACK,已核销呆账贷款及利息收回,f2,1,小类,1,1999-12-31,2026-06-30,1164,100,0,15,1,0,0,1,0,0,14
llb,现金流量表,llb,BANKLOANNETINCR,向中央银行借款净增加额,f2,1,小类,14,1998-06-30,2026-06-30,1164,1064,18,15,14,0,0,14,0,0,1
llb,现金流量表,llb,BDINVPAYCASH,债券投资所支付的现金,f2,2,小类,1,1999-12-31,2026-06-30,1164,100,20,15,1,0,0,1,0,0,14
llb,现金流量表,llb,BIZCASHINFL,经营活动现金流入小计,f2,1,中类,15,1998-06-30,2026-06-30,1164,1164,1161,15,15,15,0,0,0,0,0
llb,现金流量表,llb,BIZCASHOUTF,经营活动现金流出小计,f2,1,中类,15,1998-06-30,2026-06-30,1164,1164,1162,15,15,15,0,0,0,0,0
llb,现金流量表,llb,BONDINTEGETCASH,取得债券利息收入收到的现金,f2,2,小类,1,1999-12-31,2026-06-30,1164,100,20,15,1,0,0,1,0,0,14
llb,现金流量表,llb,CASHEQUFINBALA,期末现金及现金等价物余额,f2,3,中类+底色,1,1999-12-31,2026-06-30,1164,100,96,15,1,1,0,0,0,0,14
llb,现金流量表,llb,CASHEQUINETINCR,现金及现金等价物净增加额,f2,3,中类+底色,1,1999-12-31,2026-06-30,1164,100,100,15,1,1,0,0,0,0,14
llb,现金流量表,llb,CASHEQUIOPENBALA,期初现金及现金等价物余额,f2,3,小类,1,1999-12-31,2026-06-30,1164,100,96,15,1,1,0,0,0,0,14
llb,现金流量表,llb,CASHFINALBALA,现金的期末余额,f2,3,小类,15,1998-06-30,2026-06-30,1164,1164,729,15,15,15,0,0,0,0,0
llb,现金流量表,llb,CASHNETR,现金及现金等价物净增加额,f2,3,中类+底色,14,1998-06-30,2026-06-30,1164,1064,1064,15,14,14,0,0,0,0,1
llb,现金流量表,llb,CASHOPENBALA,现金的期初余额,f2,3,小类,15,1998-06-30,2026-06-30,1164,1164,729,15,15,15,0,0,0,0,0
llb,现金流量表,llb,CENBANKBORRNETINCR,向央行借款净增加额,f2,1,小类,1,1999-12-31,2026-06-30,1164,100,24,15,1,0,0,1,0,0,14
llb,现金流量表,llb,CHARINTECASH,收取利息、手续费及佣金的现金,f2,1,小类,15,1998-06-30,2026-06-30,1164,1164,263,15,15,4,0,11,0,0,0
llb,现金流量表,llb,CHGEXCHGCHGS,汇率变动对现金及现金等价物的影响,f2,3,中类+底色,14,1998-06-30,2026-06-30,1164,1064,887,15,14,14,0,0,0,0,1
llb,现金流量表,llb,CUSTDEPO,客户存款,f2,1,小类,1,1999-12-31,2026-06-30,1164,100,98,15,1,1,0,0,0,0,14
llb,现金流量表,llb,CUSTLOANNETDECR,客户贷款及垫款净减少额,f2,1,小类,1,1999-12-31,2026-06-30,1164,100,17,15,1,0,0,1,0,0,14
llb,现金流量表,llb,DEBTPAYCASH,偿还债务所支付的现金,f2,3,小类,1,1999-12-31,2026-06-30,1164,100,66,15,1,1,0,0,0,0,14
llb,现金流量表,llb,DEBTPAYCASH,偿还债务支付的现金,f2,3,小类,14,1998-06-30,2026-06-30,1164,1064,922,15,14,12,0,2,0,0,1
llb,现金流量表,llb,DEPOBONDRECECASH,存入保证金收到的现金,f2,1,小类,1,1999-12-31,2026-06-30,1164,100,0,15,1,0,0,1,0,0,14
llb,现金流量表,llb,DEPONETR,客户存款和同业存放款项净增加额,f2,1,小类,15,1998-06-30,2026-06-30,1164,1164,186,15,15,2,0,13,0,0,0
llb,现金流量表,llb,DEPOTOCENBANK,存放中央银行,f2,1,小类,1,1999-12-31,2026-06-30,1164,100,68,15,1,1,0,0,0,0,14
llb,现金流量表,llb,DEPOTOOTHERBANKS,存放同业及其他机构存款,f2,1,小类,1,1999-12-31,2026-06-30,1164,100,44,15,1,1,0,0,0,0,14
llb,现金流量表,llb,DISCPAICASH,贴现支付的现金,f2,1,小类,1,1999-12-31,2026-06-30,1164,100,2,15,1,0,0,1,0,0,14
llb,现金流量表,llb,DISPBONDASSEGETCASH,处置抵债资产收到的现金,f2,1,小类,1,1999-12-31,2026-06-30,1164,100,0,15,1,0,0,1,0,0,14
llb,现金流量表,llb,DISPEQUIINVGETC,处置股权投资所收到的现金,f2,2,小类,1,1999-12-31,2026-06-30,1164,100,1,15,1,0,0,1,0,0,14
llb,现金流量表,llb,DISPFINANETDECR,处置可供出售金融资产净减少额,f2,1,小类,1,1999-12-31,2026-06-30,1164,100,0,15,1,0,0,1,0,0,14
llb,现金流量表,llb,DISPFINANETINCRINVE,处置可供出售金融资产净增加额,f2,2,小类,14,1998-06-30,2026-06-30,1164,1064,0,15,14,0,0,14,0,0,1
llb,现金流量表,llb,DISPFIXASSEGETCASH,处置固定资产、无形资产及其他资产而收到的现金,f2,2,小类,1,1999-12-31,2026-06-30,1164,100,93,15,1,1,0,0,0,0,14
llb,现金流量表,llb,DISPSUBSGETCASH,处置子公司及其他单位收到的现金,f2,2,小类,1,1999-12-31,2026-06-30,1164,100,32,15,1,1,0,0,0,0,14
llb,现金流量表,llb,DISPTRADNETINCR,处置交易性金融资产净增加额,f2,1,小类,15,1998-06-30,2026-06-30,1164,1164,5,15,15,0,0,15,0,0,0
llb,现金流量表,llb,DIVIPROFGETCASH,分得股利或利润所收到的现金,f2,2,小类,1,1999-12-31,2026-06-30,1164,100,4,15,1,0,0,1,0,0,14
llb,现金流量表,llb,DIVIPROFPAYCASH,分配股利、利润或偿付利息所支付的现金,f2,3,小类,14,1998-06-30,2026-06-30,1164,1064,1036,15,14,14,0,0,0,0,1
llb,现金流量表,llb,DIVIPROFPAYCASH,分配股利、利润或偿付利息支付的现金,f2,3,小类,1,1999-12-31,2026-06-30,1164,100,95,15,1,1,0,0,0,0,14
llb,现金流量表,llb,ENTRAGENDECR,委托及代理业务减少额,f2,1,小类,1,1999-12-31,2026-06-30,1164,100,1,15,1,0,0,1,0,0,14
llb,现金流量表,llb,ENTRFUNDSRECE,收到的委托资金,f2,1,小类,1,1999-12-31,2026-06-30,1164,100,13,15,1,0,0,1,0,0,14
llb,现金流量表,llb,EQAOPENBALA,现金等价物的期初余额,f2,3,小类,1,1999-12-31,2026-06-30,1164,100,61,15,1,1,0,0,0,0,14
llb,现金流量表,llb,EQUFINALBALA,现金等价物的期末余额,f2,3,小类,15,1998-06-30,2026-06-30,1164,1164,106,15,15,3,1,12,0,0,0
llb,现金流量表,llb,EQUIINVPAYCASH,权益性投资增加支付的现金,f2,2,小类,1,1999-12-31,2026-06-30,1164,100,8,15,1,0,0,1,0,0,14
llb,现金流量表,llb,EQUOPENBALA,现金等价物的期初余额,f2,3,小类,14,1998-06-30,2026-06-30,1164,1064,46,15,14,3,1,11,0,0,1
llb,现金流量表,llb,EXCHCHGCASHEFFE,汇率变动对现金及现金等价物的影响,f2,3,中类+底色,1,1999-12-31,2026-06-30,1164,100,98,15,1,1,0,0,0,0,14
llb,现金流量表,llb,FDSBORRNETR,拆入资金净增加额,f2,1,小类,14,1998-06-30,2026-06-30,1164,1064,2,15,14,0,0,14,0,0,1
llb,现金流量表,llb,FEEINCO,收到的手续费,f2,1,小类,1,1999-12-31,2026-06-30,1164,100,17,15,1,0,0,1,0,0,14
llb,现金流量表,llb,FEEPAYCASH,手续费支出支付的现金,f2,1,小类,1,1999-12-31,2026-06-30,1164,100,17,15,1,0,0,1,0,0,14
llb,现金流量表,llb,FINALCASHBALA,期末现金及现金等价物余额,f2,3,中类+底色,14,1998-06-30,2026-06-30,1164,1064,1049,15,14,14,0,0,0,0,1
llb,现金流量表,llb,FINASSNETINC,为交易目的而持有的金融资产净增加额,f2,1,小类,1,1999-12-31,2026-06-30,1164,100,27,15,1,1,0,0,0,0,14
llb,现金流量表,llb,FINBIZCASHRECE,金融企业往来收入收到的现金,f2,1,小类,1,1999-12-31,2026-06-30,1164,100,0,15,1,0,0,1,0,0,14
llb,现金流量表,llb,FINCASHINFL,筹资活动现金流入小计,f2,3,中类,15,1998-06-30,2026-06-30,1164,1164,1113,15,15,15,1,0,0,0,0
llb,现金流量表,llb,FINCASHOUTF,筹资活动现金流出小计,f2,3,中类,15,1998-06-30,2026-06-30,1164,1164,1158,15,15,15,0,0,0,0,0
llb,现金流量表,llb,FININSTDEPO,同业及其他金融机构存放款,f2,1,小类,1,1999-12-31,2026-06-30,1164,100,64,15,1,1,0,0,0,0,14
llb,现金流量表,llb,FININSTNETR,向其他金融机构拆入资金净增加额,f2,1,小类,14,1998-06-30,2026-06-30,1164,1064,2,15,14,0,0,14,0,0,1
llb,现金流量表,llb,FINNETCFLOW,筹资活动产生的现金流量净额,f2,3,中类,15,1998-06-30,2026-06-30,1164,1164,1160,15,15,15,0,0,0,0,0
llb,现金流量表,llb,FINRELACASH,支付其他与筹资活动有关的现金,f2,3,小类,15,1998-06-30,2026-06-30,1164,1164,826,15,15,15,0,0,0,0,0
llb,现金流量表,llb,FINRELAEXPENETCASH,与金融机构往来支出的现金净额,f2,1,小类,1,1999-12-31,2026-06-30,1164,100,0,15,1,0,0,1,0,0,14
llb,现金流量表,llb,FIXEDASSETNETC,处置固定资产、无形资产和其他长期资产所收回的现金净额,f2,2,小类,14,1998-06-30,2026-06-30,1164,1064,937,15,14,14,0,0,0,0,1
llb,现金流量表,llb,FUNDBORRCASHINFL,拆入资金现金流入,f2,1,小类,1,1999-12-31,2026-06-30,1164,100,57,15,1,0,0,1,0,0,14
llb,现金流量表,llb,INCRCASHPLED,增加质押和定期存款所支付的现金,f2,2,小类,14,1998-06-30,2026-06-30,1164,1064,3,15,14,0,0,14,0,0,1
llb,现金流量表,llb,INCREQUIGETCASH,增加股本所收到的现金,f2,3,小类,1,1999-12-31,2026-06-30,1164,100,4,15,1,0,0,1,0,0,14
llb,现金流量表,llb,INICASHBALA,期初现金及现金等价物余额,f2,3,小类,14,1998-06-30,2026-06-30,1164,1064,1049,15,14,14,0,0,0,0,1
llb,现金流量表,llb,INSNETC,收到再保险业务现金净额,f2,1,小类,14,1998-06-30,2026-06-30,1164,1064,2,15,14,0,0,14,0,0,1
llb,现金流量表,llb,INSPREMCASH,收到原保险合同保费取得的现金,f2,1,小类,14,1998-06-30,2026-06-30,1164,1064,2,15,14,0,0,14,0,0,1
llb,现金流量表,llb,INTEINCO,收到利息,f2,1,小类,1,1999-12-31,2026-06-30,1164,100,19,15,1,0,0,1,0,0,14
llb,现金流量表,llb,INTEPAYCASH,偿付利息所支付的现金,f2,3,小类,1,1999-12-31,2026-06-30,1164,100,89,15,1,1,0,0,0,0,14
llb,现金流量表,llb,INVCASHINFL,投资活动现金流入小计,f2,2,中类,15,1998-06-30,2026-06-30,1164,1164,1133,15,15,15,0,0,0,0,0
llb,现金流量表,llb,INVCASHOUTF,投资活动现金流出小计,f2,2,中类,15,1998-06-30,2026-06-30,1164,1164,1163,15,15,15,0,0,0,0,0
llb,现金流量表,llb,INVERETUGETCASH,取得投资收益收到的现金,f2,2,小类,15,1998-06-30,2026-06-30,1164,1164,989,15,15,15,0,0,0,0,0
llb,现金流量表,llb,INVNETCASHFLOW,投资活动产生的现金流量净额,f2,2,中类,15,1998-06-30,2026-06-30,1164,1164,1163,15,15,15,0,0,0,0,0
llb,现金流量表,llb,INVPAYC,投资所支付的现金,f2,2,小类,14,1998-06-30,2026-06-30,1164,1064,884,15,14,12,0,2,0,0,1
llb,现金流量表,llb,INVRECECASH,吸收投资所收到的现金,f2,3,小类,1,1999-12-31,2026-06-30,1164,100,34,15,1,1,0,0,0,0,14
llb,现金流量表,llb,INVRECECASH,吸收投资收到的现金,f2,3,小类,14,1998-06-30,2026-06-30,1164,1064,617,15,14,10,0,4,0,0,1
llb,现金流量表,llb,ISSBDRECECASH,发行债券收到的现金,f2,3,小类,15,1998-06-30,2026-06-30,1164,1164,211,15,15,4,0,11,0,0,0
llb,现金流量表,llb,ISSSECUGETCASH,发行证券化资产所吸收的现金,f2,3,小类,1,1999-12-31,2026-06-30,1164,100,11,15,1,0,0,1,0,0,14
llb,现金流量表,llb,LABOPAYC,购买商品、接受劳务支付的现金,f2,1,小类,15,1998-06-30,2026-06-30,1164,1164,1063,15,15,14,0,1,0,0,0
llb,现金流量表,llb,LABORGETCASH,销售商品、提供劳务收到的现金,f2,1,小类,15,1998-06-30,2026-06-30,1164,1164,1063,15,15,14,0,1,0,0,0
llb,现金流量表,llb,LENDCASHOUTFNET,拆出资金净现金流出,f2,1,小类,1,1999-12-31,2026-06-30,1164,100,69,15,1,0,0,1,0,0,14
llb,现金流量表,llb,LOANGETCASH,取得借款收到的现金,f2,3,小类,1,1999-12-31,2026-06-30,1164,100,0,15,1,0,0,1,0,0,14
llb,现金流量表,llb,LOANNETR,质押贷款净增加额,f2,2,小类,14,1998-06-30,2026-06-30,1164,1064,5,15,14,0,0,14,0,0,1
llb,现金流量表,llb,LOANSNETR,客户贷款及垫款净增加额,f2,1,小类,15,1998-06-30,2026-06-30,1164,1164,202,15,15,3,0,12,0,0,0
llb,现金流量表,llb,MANANETR,经营活动产生的现金流量净额,f2,1,中类,15,1998-06-30,2026-06-30,1164,1164,1164,15,15,15,0,0,0,0,0
llb,现金流量表,llb,OTHERASSEREDUPAYCASH,其他资产减少支出的现金,f2,1,小类,1,1999-12-31,2026-06-30,1164,100,4,15,1,0,0,1,0,0,14
llb,现金流量表,llb,OTHERBIZGETCASH,收到其他与经营活动有关的现金,f2,1,小类,1,1999-12-31,2026-06-30,1164,100,98,15,1,1,0,0,0,0,14
llb,现金流量表,llb,OTHERBORRNETDECR,借入其他资金净减少额,f2,1,小类,1,1999-12-31,2026-06-30,1164,100,0,15,1,0,0,1,0,0,14
llb,现金流量表,llb,OTHERLIABICASHINFL,其他负债增加流入的现金,f2,1,小类,1,1999-12-31,2026-06-30,1164,100,4,15,1,0,0,1,0,0,14
llb,现金流量表,llb,PAYACTICASH,支付的其他与经营活动有关的现金,f2,1,小类,14,1998-06-30,2026-06-30,1164,1064,1064,15,14,14,0,0,0,0,1
llb,现金流量表,llb,PAYBUSIEXPECASH,以现金支付的营业费用,f2,1,小类,1,1999-12-31,2026-06-30,1164,100,0,15,1,0,0,1,0,0,14
llb,现金流量表,llb,PAYCOMPGOLD,支付原保险合同赔付款项的现金,f2,1,小类,14,1998-06-30,2026-06-30,1164,1064,2,15,14,0,0,14,0,0,1
llb,现金流量表,llb,PAYDEPO,支付的存款,f2,1,小类,1,1999-12-31,2026-06-30,1164,100,17,15,1,0,0,1,0,0,14
llb,现金流量表,llb,PAYDIVICASH,支付保单红利的现金,f2,1,小类,14,1998-06-30,2026-06-30,1164,1064,2,15,14,0,0,14,0,0,1
llb,现金流量表,llb,PAYINTE,支付的利息,f2,1,小类,1,1999-12-31,2026-06-30,1164,100,17,15,1,0,0,1,0,0,14
llb,现金流量表,llb,PAYINTECASH,支付利息、手续费及佣金的现金,f2,1,小类,15,1998-06-30,2026-06-30,1164,1164,217,15,15,3,0,12,0,0,0
llb,现金流量表,llb,PAYINVCASH,投资支付的现金,f2,2,小类,1,1999-12-31,2026-06-30,1164,100,99,15,1,1,0,0,0,0,14
llb,现金流量表,llb,PAYINVECASH,支付的其他与投资活动有关的现金,f2,2,小类,15,1998-06-30,2026-06-30,1164,1164,597,15,15,7,0,8,0,0,0
llb,现金流量表,llb,PAYISSUSHARFEE,支付新股发行费用,f2,3,小类,1,1999-12-31,2026-06-30,1164,100,15,15,1,0,0,1,0,0,14
llb,现金流量表,llb,PAYOTHERBIZCASH,支付其他与经营活动有关的现金,f2,1,小类,1,1999-12-31,2026-06-30,1164,100,98,15,1,1,0,0,0,0,14
llb,现金流量表,llb,PAYRESONET,支付买入返售款项净额,f2,1,小类,1,1999-12-31,2026-06-30,1164,100,1,15,1,0,0,1,0,0,14
llb,现金流量表,llb,PAYTAX,支付的各项税费,f2,1,小类,15,1998-06-30,2026-06-30,1164,1164,1162,15,15,15,0,0,0,0,0
llb,现金流量表,llb,PAYWORKCASH,支付给职工以及为职工支付的现金,f2,1,小类,15,1998-06-30,2026-06-30,1164,1164,1160,15,15,15,0,0,0,0,0
llb,现金流量表,llb,PRECMETACASHINFL,贵金属现金流入,f2,1,小类,1,1999-12-31,2026-06-30,1164,100,0,15,1,0,0,1,0,0,14
llb,现金流量表,llb,PRECMETACASHOUFL,贵金属现金流出,f2,1,小类,1,1999-12-31,2026-06-30,1164,100,0,15,1,0,0,1,0,0,14
llb,现金流量表,llb,PROCCONSPAYCASH,增加在建工程所支付的现金,f2,2,小类,1,1999-12-31,2026-06-30,1164,100,0,15,1,0,0,1,0,0,14
llb,现金流量表,llb,RECEFINCASH,收到其他与筹资活动有关的现金,f2,3,小类,15,1998-06-30,2026-06-30,1164,1164,565,15,15,10,0,5,0,0,0
llb,现金流量表,llb,RECEFROMLOAN,取得借款收到的现金,f2,3,小类,14,1998-06-30,2026-06-30,1164,1064,892,15,14,12,0,2,0,0,1
llb,现金流量表,llb,RECEINVCASH,收到的其他与投资活动有关的现金,f2,2,小类,14,1998-06-30,2026-06-30,1164,1064,571,15,14,9,0,5,0,0,1
llb,现金流量表,llb,RECEOTHERBIZCASH,收到的其他与经营活动有关的现金,f2,1,小类,14,1998-06-30,2026-06-30,1164,1064,1041,15,14,14,0,0,0,0,1
llb,现金流量表,llb,RECEOTHERINVCASH,收到其他与投资活动有关的现金,f2,2,小类,1,1999-12-31,2026-06-30,1164,100,4,15,1,0,0,1,0,0,14
llb,现金流量表,llb,RECVDISCT,贴现收到的现金,f2,1,小类,1,1999-12-31,2026-06-30,1164,100,0,15,1,0,0,1,0,0,14
llb,现金流量表,llb,RECVEXCHNETINCO,汇兑净收益收到的现金,f2,1,小类,1,1999-12-31,2026-06-30,1164,100,0,15,1,0,0,1,0,0,14
llb,现金流量表,llb,RECVINTEBIZINCO,中间业务收入收到的现金,f2,1,小类,1,1999-12-31,2026-06-30,1164,100,0,15,1,0,0,1,0,0,14
llb,现金流量表,llb,RECVOTHERNETINCO,其他营业及营业外净收入收到的现金,f2,1,小类,1,1999-12-31,2026-06-30,1164,100,0,15,1,0,0,1,0,0,14
llb,现金流量表,llb,REDUCASHPLED,减少质押和定期存款所收到的现金,f2,2,小类,14,1998-06-30,2026-06-30,1164,1064,6,15,14,0,0,14,0,0,1
llb,现金流量表,llb,REDUFINDEPONET,减少同业及其他金融机构存放净额,f2,1,小类,1,1999-12-31,2026-06-30,1164,100,33,15,1,0,0,1,0,0,14
llb,现金流量表,llb,REPAYCENBORRNET,偿还中央银行借款,f2,1,小类,1,1999-12-31,2026-06-30,1164,100,30,15,1,1,0,0,0,0,14
llb,现金流量表,llb,REPAYFINBORRNET,偿还同业及其他金融机构拆入净额,f2,1,小类,1,1999-12-31,2026-06-30,1164,100,42,15,1,1,0,0,0,0,14
llb,现金流量表,llb,REPAYREPUNET,偿还卖出回购款项净额,f2,1,小类,1,1999-12-31,2026-06-30,1164,100,8,15,1,0,0,1,0,0,14
llb,现金流量表,llb,REPNETINCR,回购业务资金净增加额,f2,1,小类,14,1998-06-30,2026-06-30,1164,1064,3,15,14,0,0,14,0,0,1
llb,现金流量表,llb,SAVINETR,保户储金及投资款净增加额,f2,1,小类,14,1998-06-30,2026-06-30,1164,1064,2,15,14,0,0,14,0,0,1
llb,现金流量表,llb,SECUINVEPAYCASH,证券投资支出的现金,f2,1,小类,1,1999-12-31,2026-06-30,1164,100,0,15,1,0,0,1,0,0,14
llb,现金流量表,llb,SECUINVGETCASH,证券投资收益收到的现金,f2,1,小类,1,1999-12-31,2026-06-30,1164,100,0,15,1,0,0,1,0,0,14
llb,现金流量表,llb,SUBPBONDGETCASH,发行次级债券收到的现金,f2,3,小类,1,1999-12-31,2026-06-30,1164,100,4,15,1,0,0,1,0,0,14
llb,现金流量表,llb,SUBSINVPAYCASH,购买子公司、联营企业及合营企业投资所支付的现金净额,f2,2,小类,1,1999-12-31,2026-06-30,1164,100,0,15,1,0,0,1,0,0,14
llb,现金流量表,llb,SUBSNETC,处置子公司及其他营业单位收到的现金净额,f2,2,小类,14,1998-06-30,2026-06-30,1164,1064,257,15,14,5,0,9,0,0,1
llb,现金流量表,llb,SUBSPAYDIVID,子公司支付给少数股东的股利、利润,f2,3,小类,14,1998-06-30,2026-06-30,1164,1064,590,15,14,10,0,4,0,0,1
llb,现金流量表,llb,SUBSPAYNETCASH,取得子公司及其他营业单位支付的现金净额,f2,2,小类,15,1998-06-30,2026-06-30,1164,1164,311,15,15,4,0,11,0,0,0
llb,现金流量表,llb,SUBSRECECASH,子公司吸收少数股东投资收到的现金,f2,3,小类,14,1998-06-30,2026-06-30,1164,1064,460,15,14,10,0,4,0,0,1
llb,现金流量表,llb,SUBSRECENETCASH,取得子公司及其他营业单位所收到的现金净额,f2,2,小类,1,1999-12-31,2026-06-30,1164,100,0,15,1,0,0,1,0,0,14
llb,现金流量表,llb,TAXREFD,收到的税费返还,f2,1,小类,15,1998-06-30,2026-06-30,1164,1164,861,15,15,12,0,3,0,0,0
llb,现金流量表,llb,TRADEPAYMNETR,存放中央银行和同业款项净增加额,f2,1,小类,15,1998-06-30,2026-06-30,1164,1164,191,15,15,3,0,12,0,0,0
llb,现金流量表,llb,WITHFINDEPONET,收回存放同业及其他金融机构净额,f2,1,小类,1,1999-12-31,2026-06-30,1164,100,52,15,1,0,0,1,0,0,14
llb,现金流量表,llb,WITHINVGETCASH,收回投资所收到的现金,f2,2,小类,14,1998-06-30,2026-06-30,1164,1064,805,15,14,14,0,0,0,0,1
llb,现金流量表,llb,WITHINVGETCASH,收回投资收到的现金,f2,2,小类,1,1999-12-31,2026-06-30,1164,100,99,15,1,1,0,0,0,0,14
llb,现金流量表,llb,WITHLENDNET,收回的拆出资金净额,f2,1,小类,1,1999-12-31,2026-06-30,1164,100,29,15,1,1,0,0,0,0,14
